Name;ID;Country;Rank 3 Year;Rank 2 Year;Rank 1 Year;Rank 0 Year;Ideal Rank;Max Skill;Traits;Skill;Experience;Loyalty;Type;Picture;Start Year;End Year;Retirement Year;x
Adams P.D.;1100001;USA;1944;1946;1990;1990;3;7;256;2;0;5;0;L60000;1944;1970;1999;x
Alexander G.M.;1100002;USA;1939;1990;1990;1990;3;4;1;1;0;5;0;L60001;1939;1970;1999;x
Alfonte;1100003;USA;1943;1990;1990;1990;3;4;0;1;0;5;0;L60002;1943;1946;1999;x
Alkire;1100004;USA;1952;1990;1990;1990;3;5;32768;1;0;5;2;L60003;1952;1956;1999;x
Allen A.R.;1100005;USA;1941;1944;1990;1990;2;7;128;2;0;5;0;L60004;1941;1970;1999;x
Allen F.A.;1100006;USA;1942;1990;1990;1990;3;5;64;1;0;5;0;L60005;1942;1946;1999;x
Allen R.R.;1100007;USA;1941;1990;1990;1990;3;5;128;1;0;5;0;L60006;1941;1970;1999;x
Almond E.M.;1100008;USA;1942;1944;1990;1990;2;5;0;2;0;5;0;L60007;1942;1970;1999;x
Althaus;1100009;USA;1943;1990;1990;1990;3;5;128;1;0;5;0;L60008;1943;1946;1999;x
Andersen;1100010;USA;1940;1990;1990;1990;3;4;0;1;0;5;0;L60009;1940;1942;1999;x
Anderson J.B.;1100011;USA;1942;1990;1990;1990;3;4;0;1;0;5;0;L60010;1942;1946;1999;x
Anderson J.W.;1100012;USA;1941;1990;1990;1990;3;6;64;1;0;5;0;L60011;1941;1967;1999;x
Andrus;1100013;USA;1943;1990;1990;1990;3;4;64;1;0;5;0;L60012;1943;1970;1999;x
Ankcorn;1100014;USA;1939;1990;1990;1990;3;4;0;1;0;5;0;L60013;1939;1944;1999;x
Arms;1100015;USA;1941;1990;1990;1990;3;4;0;1;0;5;0;L60014;1941;1946;1999;x
Armstrong;1100016;USA;1942;1990;1990;1990;3;5;64;1;0;5;0;L60015;1942;1970;1999;x
Arnold W.H.;1100017;USA;1942;1944;1990;1990;2;6;0;2;0;5;0;L60016;1942;1970;1999;x
Arrowsmith;1100018;USA;1942;1990;1990;1990;3;4;0;1;0;5;0;L60017;1942;1970;1999;x
Baade;1100019;USA;1942;1990;1990;1990;3;4;0;1;0;5;0;L60018;1942;1946;1999;x
Baehr;1100020;USA;1930;1990;1990;1990;3;5;64;1;0;5;0;L60019;1930;1946;1999;x
Baird;1100021;USA;1942;1990;1990;1990;3;4;1;1;0;5;0;L60020;1942;1970;1999;x
Baker;1100022;USA;1941;1990;1990;1990;3;4;0;1;0;5;0;L60021;1941;1946;1999;x
Barker;1100023;USA;1940;1990;1990;1990;3;6;64;1;0;5;0;L60022;1940;1947;1999;x
Barnes;1100024;USA;1938;1990;1990;1990;3;5;64;1;0;5;0;L60023;1938;1946;1999;x
Barnett A.J.;1100025;USA;1941;1990;1990;1990;3;5;0;1;0;5;0;L60024;1941;1970;1999;x
Barr D.G.;1100026;USA;1941;1990;1990;1990;3;6;128;1;0;5;0;L60025;1941;1970;1999;x
Barrett;1100027;USA;1944;1990;1990;1990;3;5;64;1;0;5;0;L60026;1944;1970;1999;x
Barton R.O.;1100028;USA;1930;1990;1990;1990;3;5;0;1;0;5;0;L60027;1930;1963;1999;x
Bash;1100029;USA;1930;1990;1990;1990;3;4;512;1;0;5;0;L60028;1930;1938;1999;x
Beasly R.W.;1100030;USA;1941;1990;1990;1990;3;4;64;1;0;5;0;L60029;1941;1961;1999;x
Bedingfield;1100031;USA;1945;1990;1990;1990;3;5;32;1;0;5;0;L60030;1945;1970;1999;x
Bedell Smith;1100032;USA;1941;1942;1944;1990;1;6;4;3;0;5;0;L60031;1941;1970;1999;x
Beiderlinden;1100033;USA;1943;1990;1990;1990;3;5;64;1;0;5;0;L60032;1943;1970;1999;x
Beightler;1100034;USA;1940;1990;1990;1990;3;6;0;1;0;5;0;L60033;1940;1970;1999;x
Billingslea;1100035;USA;1940;1990;1990;1990;3;4;2;1;0;5;0;L60034;1940;1943;1999;x
Birkhead C.V.;1100036;USA;1930;1941;1990;1990;3;4;0;2;0;5;0;L60035;1930;1948;1999;x
Bissell;1100037;USA;1943;1990;1990;1990;3;4;64;1;0;5;0;L60036;1943;1946;1999;x
Bixby;1100038;USA;1944;1990;1990;1990;3;5;128;1;0;5;0;L60037;1944;1990;1999;x
Blackmore P.G.;1100039;USA;1940;1990;1990;1990;3;4;1;1;0;5;0;L60038;1940;1970;1999;x
Blakeley H.W.;1100040;USA;1940;1990;1990;1990;3;5;128;1;0;5;0;L60039;1940;1966;1999;x
Blount R.E.;1100041;USA;1943;1990;1990;1990;3;4;4;1;0;5;0;L60040;1943;1969;1999;x
Bluemel;1100042;USA;1940;1990;1990;1990;3;4;256;1;0;5;0;L60041;1940;1942;1999;x
Boatner H.L.;1100043;USA;1942;1990;1990;1990;3;6;5;1;0;5;0;L60042;1942;1970;1999;x
Boggs;1100044;USA;1939;1990;1990;1990;3;4;1;1;0;5;0;L60043;1939;1942;1999;x
Bohn;1100045;USA;1942;1990;1990;1990;3;6;128;1;0;5;0;L60044;1942;1945;1999;x
Bolling;1100046;USA;1939;1945;1990;1990;3;5;0;2;0;5;0;L60045;1939;1970;1999;x
Bolte;1100047;USA;1930;1930;1942;1990;1;5;0;2;0;5;0;L60046;1940;1970;1999;x
Bonesteel jr.;1100048;USA;1941;1990;1990;1990;3;5;0;1;0;5;0;L60047;1941;1970;1999;x
Booth;1100049;USA;1942;1945;1990;1990;3;5;0;2;0;5;0;L60048;1942;1970;1999;x
Boudinot;1100050;USA;1943;1990;1990;1990;3;4;128;1;0;5;0;L60049;1943;1945;1999;x
Bowen;1100051;USA;1942;1990;1990;1990;3;6;384;1;0;5;0;L60050;1942;1970;1999;x
Bowley;1100052;USA;1930;1930;1990;1990;2;6;514;1;0;5;0;L60051;1921;1939;1999;x
Bowman;1100053;USA;1942;1990;1990;1990;3;5;32;1;0;5;0;L60052;1942;1970;1999;x
Boyd;1100054;USA;1938;1990;1990;1990;3;4;0;1;0;5;0;L60053;1938;1970;1999;x
Bradford  K.S.;1100055;USA;1941;1990;1990;1990;3;4;0;1;0;5;0;L60054;1941;1946;1999;x
Bradford W.B.;1100056;USA;1941;1990;1990;1990;3;5;4;1;0;5;0;L60055;1941;1970;1999;x
Bradley  J.L.;1100057;USA;1940;1990;1990;1990;3;7;256;1;0;5;0;L60056;1940;1970;1999;x
Bradley  O.N.;1100058;USA;1941;1943;1944;1946;1;9;37;5;0;5;0;L60057;1941;1970;1999;x
Bradshaw;1100059;USA;1941;1990;1990;1990;3;4;2;1;0;5;0;L60058;1941;1970;1999;x
Brann;1100060;USA;1943;1990;1990;1990;3;4;0;1;0;5;0;L60059;1943;1945;1999;x
Braun;1100061;USA;1941;1990;1990;1990;3;5;128;1;0;5;0;L60060;1941;1945;1999;x
Brees;1100062;USA;1930;1938;1990;1990;2;6;513;2;0;5;0;L60061;1930;1941;1999;x
Brett;1100063;USA;1941;1990;1990;1990;3;4;128;1;0;5;0;L60062;1941;1943;1999;x
Brewer C.B.;1100064;USA;1941;1990;1990;1990;3;6;128;1;0;5;0;L60063;1941;1970;1999;x
Britton;1100065;USA;1943;1990;1990;1990;3;5;32;1;0;5;0;L60064;1943;1947;1999;x
Brooks;1100066;USA;1942;1946;1990;1990;3;7;128;2;0;5;0;L60065;1942;1970;1999;x
Brougher W.E.;1100067;USA;1930;1990;1990;1990;3;4;1;1;0;5;0;L60066;1939;1965;1999;x
Brown A.E.;1100068;USA;1942;1990;1990;1990;3;5;4;1;0;5;0;L60067;1942;1970;1999;x
Bruce;1100069;USA;1938;1942;1990;1990;2;5;128;2;0;5;0;L60068;1938;1970;1999;x
Brush;1100070;USA;1930;1990;1990;1990;3;4;0;1;0;5;0;L60069;1930;1949;1999;x
Bryden;1100071;USA;1937;1990;1990;1990;3;6;576;1;0;5;0;L60070;1937;1944;1999;x
Bucher O.B.;1100072;USA;1942;1990;1990;1990;3;4;64;1;0;5;0;L60071;1942;1962;1999;x
Buckmaster;1100073;USA;1941;1955;1990;1990;3;5;4096;1;0;5;1;L60072;1941;1970;1999;x
Buckner S.B.;1100074;USA;1940;1944;1954;1990;2;7;20;2;0;5;0;L60073;1940;1945;1999;x
Buechler;1100075;USA;1942;1990;1990;1990;3;5;256;1;0;5;0;L60074;1942;1990;1999;x
Bull;1100076;USA;1939;1943;1990;1990;2;5;0;2;0;5;0;L60075;1939;1970;1999;x
Bullavini;1100077;USA;1945;1990;1990;1990;3;4;4;1;0;5;0;L60076;1945;1970;1999;x
Burnell;1100078;USA;1942;1990;1990;1990;3;5;2;1;0;5;0;L60077;1942;1970;1999;x
Burress W.A.;1100079;USA;1942;1990;1990;1990;3;5;0;1;0;5;0;L60078;1942;1970;1999;x
Busbee C.M.;1100080;USA;1941;1990;1990;1990;3;5;64;1;0;5;0;L60079;1941;1946;1999;x
Butler;1100081;USA;1941;1990;1990;1990;3;6;36;1;0;5;0;L60080;1941;1970;1999;x
Byers;1100082;USA;1943;1947;1990;1990;3;8;256;2;0;5;0;L60081;1943;1970;1999;x
Cabell C.P.;1100083;USA;1942;1951;1958;1990;2;7;8192;2;0;5;2;L60082;1942;1962;1999;x
Caffey;1100084;USA;1942;1990;1990;1990;3;5;256;1;0;5;0;L60083;1942;1970;1999;x
Camp;1100085;USA;1941;1990;1990;1990;3;5;128;1;0;5;0;L60085;1941;1946;1999;x
Campbell;1100086;USA;1942;1990;1990;1990;3;4;1;1;0;5;0;L60086;1942;1970;1999;x
Canham;1100087;USA;1944;1990;1990;1990;3;6;256;1;0;5;0;L60087;1944;1970;1999;x
Canine;1100088;USA;1942;1944;1990;1990;2;7;32;2;0;5;0;L60088;1942;1970;1999;x
Cannon;1100089;USA;1943;1945;1990;1990;2;5;0;2;0;5;0;L60089;1943;1970;1999;x
Casey;1100090;USA;1941;1990;1990;1990;3;6;33;1;0;5;0;L60090;1941;1970;1999;x
Cates C.B.;1100091;USA;1941;1943;1947;1990;2;7;256;3;0;5;0;L60091;1941;1970;1999;x
Chaffee;1100092;USA;1937;1990;1990;1990;3;5;0;1;0;5;0;L60092;1937;1941;1999;x
Chamberlin;1100093;USA;1930;1942;1990;1990;2;4;4;2;0;5;0;L60093;1940;1970;1999;x
Chapman;1100094;USA;1940;1990;1990;1990;3;5;256;1;0;5;0;L60094;1940;1943;1999;x
Chase;1100095;USA;1942;1990;1990;1990;3;5;256;1;0;5;0;L60095;1942;1970;1999;x
Christiansen;1100096;USA;1942;1990;1990;1990;3;6;4;1;0;5;0;L60096;1942;1970;1999;x
Chynoweth;1100097;USA;1940;1990;1990;1990;3;4;2;1;0;5;0;L60097;1940;1942;1999;x
Clark;1100098;USA;1941;1942;1944;1990;1;9;4;3;0;5;0;L60098;1941;1970;1999;x
Clarke;1100099;USA;1944;1990;1990;1990;3;6;128;1;0;5;0;L60099;1944;1970;1999;x
Clarkson P.W.;1100100;USA;1941;1990;1990;1990;2;5;0;1;0;5;0;L60100;1941;1962;1999;x
Clay L.D.;1100101;USA;1941;1945;1947;1990;2;8;1;3;0;5;0;L60101;1941;1970;1999;x
Colbern;1100102;USA;1942;1990;1990;1990;3;4;64;1;0;5;0;L60102;1942;1970;1999;x
Collier J.H.;1100103;USA;1943;1954;1990;1990;2;5;128;2;0;5;0;L60103;1943;1970;1999;x
Collins  H.J.;1100104;USA;1941;1990;1990;1990;3;6;0;1;0;5;0;L60104;1941;1970;1999;x
Collins J.L.;1100105;USA;1941;1945;1948;1990;1;8;20;3;0;5;0;L60105;1941;1970;1999;x
Colson C.F.;1100106;USA;1943;1990;1990;1990;3;5;4;1;0;5;0;L60106;1943;1970;1999;x
Conklin;1100107;USA;1930;1990;1990;1990;3;5;1;1;0;5;0;L60107;1930;1943;1999;x
Cook G.R.;1100108;USA;1941;1990;1990;1990;3;5;0;1;0;5;0;L60108;1941;1963;1999;x
Corlett;1100109;USA;1943;1945;1990;1990;3;7;128;2;0;5;0;L60109;1943;1970;1999;x
Coulter J.B.;1100110;USA;1940;1951;1990;1990;2;6;4;2;0;5;0;L60110;1940;1970;1999;x
Cox;1100111;USA;1938;1990;1990;1990;3;4;2;1;0;5;0;L60111;1938;1944;1999;x
Craig;1100112;USA;1930;1930;1930;1990;1;6;4;2;0;5;0;L60112;1930;1939;1999;x
Critten;1100113;USA;1940;1990;1990;1990;3;5;64;1;0;5;0;L60113;1940;1946;1999;x
Crittenberger;1100114;USA;1939;1942;1990;1990;2;7;128;2;0;5;0;L60114;1939;1970;1999;x
Cruver;1100115;USA;1943;1990;1990;1990;3;4;32768;1;0;5;2;L60115;1943;1966;1999;x
Culin;1100116;USA;1941;1990;1990;1990;3;4;0;1;0;5;0;L60116;1941;1946;1999;x
Cummins;1100117;USA;1930;1990;1990;1990;3;5;0;1;0;5;0;L60117;1938;1943;1999;x
Dager;1100118;USA;1941;1990;1990;1990;3;5;128;1;0;5;0;L60118;1941;1947;1999;x
Dahlquist;1100119;USA;1942;1943;1990;1990;2;7;128;2;0;5;0;L60119;1942;1970;1999;x
Daly C.M.;1100120;USA;1938;1990;1990;1990;3;5;128;1;0;5;0;L60120;1938;1970;1999;x
Daniel;1100121;USA;1942;1990;1990;1990;3;5;128;1;0;5;0;L60121;1942;1970;1999;x
Davidson;1100122;USA;1939;1943;1990;1990;2;5;2;2;0;5;0;L60122;1939;1970;1999;x
Davis B.O.;1100123;USA;1930;1990;1990;1990;3;6;0;1;0;5;0;L60123;1940;1948;1999;x
Davis R.G.;1100124;USA;1943;1970;1971;1990;3;5;2;1;0;5;0;L60124;1943;1970;1999;x
de la Mesa Allan;1100125;USA;1940;1990;1990;1990;3;5;1;1;0;5;0;L60125;1940;1946;1999;x
Dean;1100126;USA;1942;1990;1990;1990;3;5;0;1;0;5;0;L60126;1942;1970;1999;x
Decker;1100127;USA;1944;1952;1956;1990;2;7;4;2;0;5;0;L60127;1944;1970;1999;x
Devers;1100128;USA;1940;1941;1943;1990;2;7;128;4;0;5;0;L60128;1940;1970;1999;x
Devine;1100129;USA;1939;1990;1990;1990;3;6;128;1;0;5;0;L60129;1939;1970;1999;x
DeWitt;1100130;USA;1930;1939;1943;1990;1;7;4;3;0;5;0;L60130;1930;1947;1999;x
Dillon;1100131;USA;1943;1990;1990;1990;3;4;0;1;0;5;0;L60131;1943;1970;1999;x
Doe;1100132;USA;1942;1990;1990;1990;3;4;0;1;0;5;0;L60132;1942;1970;1999;x
Donlon;1100133;USA;1941;1990;1990;1990;3;5;64;1;0;5;0;L60133;1941;1945;1999;x
Donovan;1100134;USA;1938;1990;1990;1990;3;4;2;1;0;5;0;L60134;1938;1943;1999;x
DuBose T.J.;1100135;USA;1943;1990;1990;1990;3;6;32768;1;0;5;2;L60136;1943;1970;1999;x
Dulaney;1100136;USA;1945;1990;1990;1990;3;4;0;1;0;5;0;L60137;1945;1970;1999;x
Dunckel W.C.;1100137;USA;1942;1990;1990;1990;3;4;64;1;0;5;0;L60138;1942;1970;1999;x
Dunkelberg;1100138;USA;1943;1990;1990;1990;3;6;4;1;0;5;0;L60139;1943;1970;1999;x
Eagles;1100139;USA;1943;1946;1990;1990;3;4;2;2;0;5;0;L60140;1943;1970;1999;x
Earnest H.L.;1100140;USA;1942;1990;1990;1990;3;6;128;1;0;5;0;L60141;1942;1970;1999;x
Eddy;1100141;USA;1942;1944;1990;1990;3;6;0;2;0;5;0;L60142;1942;1970;1999;x
Eddleman C.D.;1100142;USA;1943;1955;1959;1990;3;5;4;2;0;5;0;L60143;1943;1970;1999;x
Eichelberger;1100143;USA;1942;1942;1944;1990;2;6;4;3;0;5;0;L60144;1942;1947;1999;x
Eisenhower;1100144;USA;1940;1942;1943;1944;0;9;1;5;0;5;0;L60145;1940;1970;1999;x
Ekman;1100145;USA;1944;1990;1990;1990;3;5;128;1;0;5;0;L60146;1944;1970;1999;x
Embick;1100146;USA;1938;1939;1990;1990;2;6;128;2;0;5;0;L60149;1938;1946;1999;x
Erskine G.B.;1100147;USA;1942;1943;1990;1990;2;7;256;2;0;5;0;L60150;1942;1970;1999;x
Evans  C.;1100148;USA;1942;1990;1990;1990;3;4;64;1;0;5;0;L60151;1942;1946;1999;x
Evans  V.;1100149;USA;1942;1990;1990;1990;3;6;128;1;0;5;0;L60152;1942;1970;1999;x
Farrell;1100150;USA;1943;1990;1990;1990;3;7;288;1;0;5;0;L60153;1943;1970;1999;x
Ferenbaugh;1100151;USA;1944;1947;1990;1990;3;5;32;2;0;5;0;L60154;1944;1970;1999;x
Finley;1100152;USA;1942;1990;1990;1990;3;5;4;1;0;5;0;L60155;1942;1946;1999;x
Fort;1100153;USA;1939;1990;1990;1990;3;4;32;1;0;5;0;L60156;1939;1942;1999;x
Fortier L.J.;1100154;USA;1944;1990;1990;1990;3;4;0;1;0;5;0;L60157;1944;1970;1999;x
Franke;1100155;USA;1930;1990;1990;1990;3;5;64;1;0;5;0;L60158;1937;1944;1999;x
Fredendall;1100156;USA;1938;1941;1990;1990;2;5;4;2;0;5;0;L60159;1938;1946;1999;x
Frederick;1100157;USA;1944;1990;1990;1990;3;6;4;1;0;5;0;L60160;1944;1952;1999;x
Freeman;1100158;USA;1943;1946;1990;1990;3;7;32;2;0;5;0;L60161;1943;1970;1999;x
Fry;1100159;USA;1944;1990;1990;1990;3;5;0;1;0;5;0;L60162;1944;1970;1999;x
Fuller;1100160;USA;1941;1990;1990;1990;3;4;0;1;0;5;0;L60163;1941;1946;1999;x
Futch T.L.;1100161;USA;1941;1990;1990;1990;3;5;64;1;0;5;0;L60164;1941;1970;1999;x
Gaffey;1100162;USA;1943;1990;1990;1990;3;6;128;1;0;5;0;L60165;1943;1946;1999;x
Gallagher;1100163;USA;1939;1990;1990;1990;3;6;1;1;0;5;0;L60166;1939;1970;1999;x
Gavin;1100164;USA;1942;1944;1990;1990;2;7;256;2;0;5;0;L60167;1942;1970;1999;x
Gay;1100165;USA;1941;1943;1990;1990;2;6;128;2;0;5;0;L60168;1941;1970;1999;x
Geiger R.S.;1100166;USA;1942;1943;1990;1990;2;8;261;2;0;5;0;L60169;1942;1947;1999;x
Gerhardt;1100167;USA;1942;1990;1990;1990;3;5;0;1;0;5;0;L60170;1942;1970;1999;x
Gerow  L.S.;1100168;USA;1942;1990;1990;1990;3;4;0;1;0;5;0;L60171;1942;1970;1999;x
Gerow  L.T.;1100169;USA;1939;1945;1954;1990;2;7;4;3;0;5;0;L60172;1939;1970;1999;x
Gill W.H.;1100170;USA;1938;1990;1990;1990;3;5;0;1;0;5;0;L60174;1938;1970;1999;x
Gillem A.C.;1100171;USA;1939;1943;1990;1990;2;6;128;2;0;5;0;L60175;1939;1970;1999;x
Ginsburgh;1100172;USA;1930;1990;1990;1990;3;7;16;1;0;5;0;L60176;1930;1945;1999;x
Greene;1100173;USA;1938;1990;1990;1990;3;6;128;1;0;5;0;L60178;1938;1946;1999;x
Gregory;1100174;USA;1930;1940;1990;1990;2;4;1;2;0;5;0;L60179;1940;1946;1999;x
Griffith;1100175;USA;1938;1990;1990;1990;3;5;1;1;0;5;0;L60180;1938;1945;1999;x
Griner G.W.;1100176;USA;1942;1990;1990;1990;3;5;256;1;0;5;0;L60181;1942;1970;1999;x
Griswold;1100177;USA;1930;1941;1990;1990;2;5;5;2;0;5;0;L60182;1940;1947;1999;x
Groves;1100178;USA;1942;1944;1990;1990;2;4;32;2;0;5;0;L60183;1942;1970;1999;x
Grow;1100179;USA;1930;1990;1990;1990;3;6;128;1;0;5;0;L60184;1939;1970;1999;x
Gruenther;1100180;USA;1941;1944;1990;1990;3;7;4;2;0;5;0;L60185;1941;1970;1999;x
Grunert;1100181;USA;1938;1940;1990;1990;2;5;1;1;0;5;0;L60186;1938;1945;1999;x
Guthrie;1100182;USA;1944;1990;1990;1990;3;6;5;1;0;5;0;L60187;1944;1970;1999;x
Haffner;1100183;USA;1941;1990;1990;1990;3;4;0;1;0;5;0;L60188;1941;1945;1999;x
Haines;1100184;USA;1938;1990;1990;1990;3;4;0;1;0;5;0;L60189;1938;1945;1999;x
Haislip W.H.;1100185;USA;1940;1945;1949;1990;1;6;4;3;0;5;0;L60190;1940;1970;1999;x
Hall C.H.;1100186;USA;1939;1942;1990;1990;2;5;0;1;0;5;0;L60191;1939;1970;1999;x
Handy T.T.;1100187;USA;1940;1944;1945;1990;2;7;4;3;0;5;0;L60192;1940;1970;1999;x
Hardaway;1100188;USA;1938;1990;1990;1990;3;5;2;1;0;5;0;L60193;1938;1970;1999;x
Harding  E.F.;1100189;USA;1938;1990;1990;1990;2;4;0;1;0;5;0;L60194;1938;1946;1999;x
Harding  N.B.;1100190;USA;1942;1990;1990;1990;3;5;32768;1;0;5;2;L60195;1942;1970;1999;x
Harmon;1100191;USA;1939;1946;1990;1990;3;6;128;2;0;5;0;L60196;1939;1970;1999;x
Harper;1100192;USA;1930;1939;1990;1990;2;4;2;2;0;5;0;L60197;1940;1960;1999;x
Harris C.S.;1100193;USA;1944;1990;1990;1990;3;5;64;1;0;5;0;L60198;1944;1970;1999;x
Harrison jr.;1100194;USA;1942;1990;1990;1990;3;6;4;1;0;5;0;L60199;1942;1970;1999;x
Harrold;1100195;USA;1943;1990;1990;1990;3;5;128;1;0;5;0;L60200;1943;1970;1999;x
Hart F.A.;1100196;USA;1944;1946;1990;1990;3;7;260;2;0;5;0;L60201;1944;1970;1999;x
Hartness H.N.;1100197;USA;1941;1990;1990;1990;3;5;0;1;0;5;0;L60202;1941;1970;1999;x
Haskell;1100198;USA;1930;1930;1990;1990;2;4;0;1;0;5;0;L60203;1926;1942;1999;x
Hasbrouck;1100199;USA;1942;1990;1990;1990;3;5;128;1;0;5;0;L60204;1942;1947;1999;x
Hayden;1100200;USA;1944;1990;1990;1990;3;4;0;1;0;5;0;L60205;1944;1970;1999;x
Hays G.P.;1100201;USA;1942;1944;1990;1990;2;5;256;2;0;5;0;L60206;1942;1970;1999;x
Hendrix R.R.;1100202;USA;1942;1990;1990;1990;3;4;2;1;0;5;0;L60207;1942;1970;1999;x
Herren T.W.;1100203;USA;1930;1954;1990;1990;2;4;0;1;0;5;0;L60208;1942;1970;1999;x
Hess;1100204;USA;1938;1990;1990;1990;3;5;2;1;0;5;0;L60209;1938;1970;1999;x
Hibbs;1100205;USA;1942;1990;1990;1990;3;4;0;1;0;5;0;L60210;1942;1946;1999;x
Hickey D.O.;1100206;USA;1937;1941;1990;1990;2;5;128;2;0;5;0;L60211;1937;1970;1999;x
Hickey  T.F.;1100207;USA;1940;1943;1990;1990;2;6;256;2;0;5;0;L60212;1940;1970;1999;x
Hodges C.B.;1100208;USA;1930;1940;1990;1990;2;5;64;1;0;5;0;L60213;1930;1944;1999;x
Hobbs;1100209;USA;1940;1990;1990;1990;3;6;128;1;0;5;0;L60214;1940;1970;1999;x
Hodes;1100210;USA;1944;1990;1990;1990;3;6;8;1;0;5;0;L60215;1944;1970;1999;x
Hodge;1100211;USA;1942;1943;1945;1990;2;7;32;3;0;5;0;L60216;1942;1970;1999;x
Hodges C.H.;1100212;USA;1939;1943;1945;1990;1;9;132;4;0;5;0;L60217;1939;1966;1999;x
Holcomb;1100213;USA;1930;1930;1942;1990;1;6;768;2;0;5;0;L60218;1935;1944;1999;x
Hoge;1100214;USA;1942;1945;1990;1990;3;6;128;2;0;5;0;L60219;1942;1970;1999;x
Huebner;1100215;USA;1938;1945;1990;1990;3;4;0;2;0;5;0;L60220;1938;1970;1999;x
Hunt;1100216;USA;1944;1947;1990;1990;3;6;256;2;0;5;0;L60221;1944;1970;1999;x
Jackson Stonewall;1100217;USA;1939;1990;1990;1990;3;5;0;1;0;5;0;L60222;1939;1943;1999;x
Jarman S.;1100218;USA;1930;1990;1990;1990;3;4;96;1;0;5;0;L60223;1939;1946;1999;x
Johnson H.H.;1100219;USA;1939;1990;1990;1990;3;4;0;1;0;5;0;L60224;1939;1970;1999;x
Jones  A.M.;1100220;USA;1937;1990;1990;1990;3;4;0;1;0;5;0;L60225;1937;1942;1999;x
Jones  A.W.;1100221;USA;1942;1990;1990;1990;3;5;256;1;0;5;0;L60226;1942;1945;1999;x
Jones L.E.;1100222;USA;1939;1990;1990;1990;3;4;256;1;0;5;0;L60227;1939;1946;1999;x
Joyce;1100223;USA;1930;1990;1990;1990;3;6;513;2;0;5;0;L60228;1930;1944;1999;x
Kean;1100224;USA;1942;1943;1990;1990;2;6;4;2;0;5;0;L60229;1943;1970;1999;x
Kendall;1100225;USA;1942;1944;1990;1990;2;6;4;2;0;5;0;L60230;1942;1970;1999;x
Keyes;1100226;USA;1939;1945;1990;1990;3;7;128;2;0;5;0;L60231;1939;1990;1999;x
Kitts;1100227;USA;1930;1990;1990;1990;3;5;512;1;0;5;1;L60232;1930;1943;1999;x
Krueger;1100228;USA;1930;1939;1941;1990;1;5;4;3;0;5;0;L60233;1930;1946;1999;x
LaChanche Doan;1100229;USA;1944;1990;1990;1990;3;6;256;1;0;5;0;L60234;1944;1970;1999;x
LaGrew E.D.;1100230;USA;1945;1990;1990;1990;3;6;128;1;0;5;0;L60235;1945;1970;1999;x
Larkin  C.A.;1100231;USA;1942;1945;1990;1990;3;6;256;2;0;5;0;L60236;1942;1946;1999;x
Larkin  T.;1100232;USA;1943;1946;1990;1990;3;6;1;2;0;5;0;L60237;1943;1970;1999;x
Lauer;1100233;USA;1938;1990;1990;1990;3;5;0;1;0;5;0;L60238;1938;1944;1999;x
Lawson;1100234;USA;1941;1990;1990;1990;3;5;8192;1;0;5;2;L60239;1941;1970;1999;x
Lear;1100235;USA;1930;1930;1944;1990;2;7;1;2;0;5;0;L60240;1936;1945;1999;x
Lee W.C.;1100236;USA;1942;1944;1990;1990;2;6;257;2;0;5;0;L60241;1942;1948;1999;x
Lehman;1100237;USA;1942;1990;1990;1990;3;4;0;1;0;5;0;L60242;1942;1945;1999;x
Lejeune J.A.;1100238;USA;1930;1930;1990;1990;2;6;768;1;0;5;0;L60243;1916;1929;1999;x
Lemnitzer;1100239;USA;1943;1952;1955;1990;1;6;4;3;0;5;0;L60244;1943;1970;1999;x
Leonard;1100240;USA;1942;1990;1990;1990;3;5;128;1;0;5;0;L60245;1942;1970;1999;x
Lewis J.M.;1100241;USA;1943;1990;1990;1990;3;5;6;1;0;5;0;L60246;1943;1954;1999;x
Livesay;1100242;USA;1941;1990;1990;1990;3;5;128;1;0;5;0;L60247;1941;1970;1999;x
Lockwood;1100243;USA;1941;1946;1990;1990;3;6;256;2;0;5;0;L60248;1941;1970;1999;x
Lucas J.P.;1100244;USA;1939;1943;1990;1990;2;5;64;2;0;5;0;L60249;1939;1970;1999;x
MacArthur;1100245;USA;1930;1930;1941;1944;0;9;7;4;0;5;0;L60250;1920;1951;1999;x
Macon R.C.;1100246;USA;1941;1990;1990;1990;3;5;128;1;0;5;0;L60251;1941;1970;1999;x
Magruder;1100247;USA;1939;1990;1990;1990;3;6;128;1;0;5;0;L60252;1939;1946;1999;x
Markham;1100248;USA;1930;1930;1990;1990;2;5;32;1;0;5;0;L60253;1930;1938;1999;x
Marshall G.;1100249;USA;1930;1938;1939;1944;1;9;4;4;0;5;0;L60254;1936;1947;1999;x
Marston;1100250;USA;1943;1990;1990;1990;3;6;256;1;0;5;0;L60255;1943;1970;1999;x
Martin  E.;1100251;USA;1937;1990;1990;1990;3;4;0;1;0;5;0;L60256;1937;1967;1999;x
Martin  F.;1100252;USA;1930;1990;1990;1990;3;4;2;1;0;5;0;L60257;1930;1939;1999;x
Mattson;1100253;USA;1938;1940;1990;1990;2;5;2048;2;0;5;1;L60258;1938;1946;1999;x
McNarney;1100254;USA;1940;1942;1945;1990;3;5;131072;1;0;5;2;L60259;1940;1970;1999;x
McAuliffe;1100255;USA;1941;1944;1990;1990;3;7;256;2;0;5;0;L60260;1941;1970;1999;x
McBride;1100256;USA;1940;1942;1990;1990;2;6;65;2;0;5;0;L60261;1940;1970;1999;x
McClure;1100257;USA;1943;1990;1990;1990;3;5;32;1;0;5;0;L60262;1943;1970;1999;x
McGinnis;1100258;USA;1944;1990;1990;1990;3;6;0;1;0;5;2;L60263;1944;1970;1999;x
McKee  A.E.;1100259;USA;1930;1990;1990;1990;3;6;256;1;0;5;0;L60264;1930;1943;1999;x
McKee  R.H.;1100260;USA;1945;1990;1990;1990;3;4;0;1;0;5;0;L60265;1945;1970;1999;x
McKenney;1100261;USA;1943;1990;1990;1990;3;6;1;1;0;5;0;L60266;1943;1946;1999;x
McLain R.S.;1100262;USA;1940;1944;1990;1990;2;5;2;2;0;5;0;L60267;1940;1954;1999;x
McNair;1100263;USA;1930;1930;1941;1990;1;8;516;2;0;5;0;L60268;1937;1944;1999;x
Merrill;1100264;USA;1938;1990;1990;1990;3;5;5;1;0;5;0;L60269;1938;1970;1999;x
Meyer;1100265;USA;1940;1990;1990;1990;3;5;4;1;0;5;0;L60270;1940;1970;1999;x
Middleton T.H.;1100266;USA;1930;1943;1990;1990;2;5;0;1;0;5;0;L60271;1942;1950;1999;x
Miley W.M.;1100267;USA;1942;1990;1990;1990;3;6;256;1;0;5;0;L60272;1942;1970;1999;x
Millikin;1100268;USA;1937;1990;1990;1990;2;6;4;1;0;5;0;L60273;1937;1970;1999;x
Mitchell E.W.;1100269;USA;1945;1990;1990;1990;3;6;5;1;0;5;0;L60274;1945;1970;1999;x
Mitchell  R.;1100270;USA;1942;1948;1990;1990;3;7;0;1;0;5;2;L60275;1942;1970;1999;x
Moise F.M.;1100271;USA;1944;1990;1990;1990;3;4;256;1;0;5;0;L60276;1944;1970;1999;x
Montague;1100272;USA;1943;1990;1990;1990;3;5;64;1;0;5;0;L60277;1943;1947;1999;x
Moore  J.E.;1100273;USA;1943;1945;1990;1990;2;7;4;2;0;5;0;L60278;1943;1970;1999;x
Moore  R.C.;1100274;USA;1930;1990;1990;1990;3;5;513;1;0;5;0;L60279;1939;1946;1999;x
Morris;1100275;USA;1942;1943;1990;1990;2;5;128;1;0;5;0;L60280;1942;1970;1999;x
Mueller;1100276;USA;1940;1990;1990;1990;3;4;3;1;0;5;0;L60281;1940;1970;1999;x
Murray M.M.;1100277;USA;1938;1990;1990;1990;3;5;4;1;0;5;0;L60282;1938;1946;1999;x
Murray R.L.;1100278;USA;1947;1950;1990;1990;3;6;4;1;0;5;0;L60283;1947;1970;1999;x
Newgarden;1100279;USA;1941;1990;1990;1990;3;5;128;1;0;5;0;L60284;1941;1944;1999;x
Nichols;1100280;USA;1942;1990;1990;1990;3;5;0;1;0;5;0;L60285;1942;1947;1999;x
O'Daniel;1100281;USA;1942;1944;1990;1990;2;6;4;2;0;5;0;L60286;1942;1970;1999;x
Oliver;1100282;USA;1942;1990;1990;1990;3;5;128;1;0;5;0;L60287;1942;1970;1999;x
Palmer;1100283;USA;1944;1990;1990;1990;3;7;4;1;0;5;0;L60288;1944;1970;1999;x
Parker E.P.;1100284;USA;1941;1990;1990;1990;3;5;1;1;0;5;0;L60289;1941;1970;1999;x
Parks F.L.;1100285;USA;1942;1953;1990;1990;3;5;256;2;0;5;0;L60290;1942;1959;1999;x
Patch A.M.;1100286;USA;1940;1944;1954;1990;2;8;260;3;0;5;0;L60291;1940;1945;1999;x
Patrick;1100287;USA;1944;1990;1990;1990;3;4;0;1;0;5;0;L60292;1944;1945;1999;x
Patterson;1100288;USA;1940;1990;1990;1990;3;4;64;1;0;5;0;L60293;1940;1946;1999;x
Patton G.S.;1100289;USA;1939;1943;1945;1990;1;9;148;5;0;5;0;L60294;1939;1945;1999;x
Paul;1100290;USA;1943;1990;1990;1990;3;5;4;1;0;5;0;L60295;1943;1970;1999;x
Peake;1100291;USA;1945;1990;1990;1990;3;4;0;1;0;5;0;L60296;1945;1970;1999;x
Peek;1100292;USA;1937;1990;1990;1990;3;4;1;1;0;5;0;L60297;1937;1942;1999;x
Pierce J.L.;1100293;USA;1941;1990;1990;1990;3;5;128;1;0;5;0;L60298;1941;1959;1999;x
Polin J.A.;1100294;USA;1939;1990;1990;1990;3;5;512;1;0;5;0;L60299;1939;1965;1999;x
Prichard;1100295;USA;1940;1990;1990;1990;3;6;128;1;0;5;0;L60300;1940;1945;1999;x
Prickett;1100296;USA;1941;1990;1990;1990;3;6;128;1;0;5;0;L60301;1941;1970;1999;x
Putt;1100297;USA;1944;1953;1990;1990;3;5;8192;1;0;5;2;L60302;1944;1970;1999;x
Raff;1100298;USA;1937;1990;1990;1990;3;5;0;1;0;5;0;L60303;1937;1943;1999;x
Rankin F.W.;1100299;USA;1942;1990;1990;1990;3;6;128;1;0;5;0;L60304;1942;1970;1999;x
Read;1100300;USA;1945;1990;1990;1990;3;5;4;1;0;5;0;L60305;1945;1970;1999;x
Reckford;1100301;USA;1938;1990;1990;1990;3;4;0;1;0;5;0;L60306;1938;1945;1999;x
Reinhardt;1100302;USA;1941;1990;1990;1990;3;4;0;1;0;5;0;L60307;1941;1946;1999;x
Reybold;1100303;USA;1937;1941;1990;1990;2;5;32;2;0;5;0;L60308;1937;1945;1999;x
Richardson;1100304;USA;1930;1930;1930;1990;2;5;4;1;0;5;0;L60310;1938;1946;1999;x
Ridgway;1100305;USA;1942;1945;1951;1990;2;7;256;3;0;5;0;L60311;1942;1970;1999;x
Riley L.M.;1100306;USA;1941;1990;1990;1990;3;4;64;1;0;5;0;L60312;1941;1970;1999;x
Robertson W.M.;1100307;USA;1940;1990;1990;1990;3;5;0;1;0;5;0;L60313;1940;1954;1999;x
Rockey;1100308;USA;1943;1947;1990;1990;3;5;256;2;0;5;0;L60314;1943;1970;1999;x
Roosevelt Jr.;1100309;USA;1941;1990;1990;1990;3;5;4;1;0;5;0;L60315;1941;1944;1999;x
Rose;1100310;USA;1942;1990;1990;1990;3;5;128;1;0;5;0;L60316;1942;1945;1999;x
Ruffner;1100311;USA;1945;1990;1990;1990;3;7;4;1;0;5;0;L60317;1945;1970;1999;x
Rupertus;1100312;USA;1942;1990;1990;1990;3;6;256;1;0;5;0;L60318;1942;1970;1999;x
Ryder;1100313;USA;1937;1990;1990;1990;3;6;128;1;0;5;0;L60319;1937;1970;1999;x
Sanderson;1100314;USA;1942;1944;1990;1990;2;6;256;2;0;5;0;L60320;1942;1946;1999;x
Scanlon;1100315;USA;1939;1990;1990;1990;3;5;0;1;0;5;2;L60321;1939;1970;1999;x
Schley J.L.;1100316;USA;1930;1990;1990;1990;2;5;32;2;0;5;0;L60322;1930;1965;1999;x
Schmidt;1100317;USA;1942;1946;1990;1990;3;7;260;2;0;5;0;L60323;1942;1970;1999;x
Scott C.L.;1100318;USA;1939;1990;1990;1990;3;4;128;1;0;5;0;L60324;1939;1954;1999;x
Sebree;1100319;USA;1942;1990;1990;1990;3;6;4;1;0;5;0;L60325;1942;1970;1999;x
Sheetz;1100320;USA;1930;1990;1990;1990;3;4;2;1;0;5;0;L60326;1940;1950;1999;x
Shepherd L.C.;1100321;USA;1942;1950;1952;1990;3;7;260;2;0;5;0;L60327;1942;1970;1999;x
Sherman;1100322;USA;1938;1990;1990;1990;3;5;1;1;0;5;0;L60328;1938;1947;1999;x
Short;1100323;USA;1930;1941;1990;1990;2;6;0;2;0;5;0;L60329;1938;1942;1999;x
Silvester L.D.;1100324;USA;1941;1990;1990;1990;3;5;128;1;0;5;0;L60330;1941;1963;1999;x
Simpson W.H.;1100325;USA;1939;1943;1954;1990;1;7;4;3;0;5;0;L60331;1939;1970;1999;x
Sloan J.E.;1100326;USA;1943;1990;1990;1990;3;4;0;1;0;5;0;L60332;1943;1970;1999;x
Smith  H.M.;1100327;USA;1938;1944;1946;1990;2;7;257;2;0;5;0;L60333;1938;1967;1999;x
Smith  J.C.;1100328;USA;1942;1945;1990;1990;3;5;256;2;0;5;0;L60334;1942;1946;1999;x
Smith  W.B.;1100329;USA;1943;1945;1990;1990;3;7;128;2;0;5;0;L60335;1943;1970;1999;x
Somervell B.B.;1100330;USA;1940;1942;1945;1990;1;5;1;1;0;5;0;L60336;1940;1955;1999;x
Sorensen H.E.;1100331;USA;1942;1990;1990;1990;3;5;2048;1;0;5;1;L60337;1942;1944;1999;x
Soulé;1100332;USA;1945;1990;1990;1990;3;5;4;1;0;5;0;L60338;1945;1970;1999;x
Spragins;1100333;USA;1943;1990;1990;1990;3;4;1;1;0;5;0;L60339;1943;1945;1999;x
Stevens;1100334;USA;1946;1953;1990;1990;3;5;131072;1;0;5;2;L60340;1946;1956;1999;x
Stillwell;1100335;USA;1930;1942;1943;1990;1;9;21;4;0;5;0;L60341;1935;1946;1999;x
Stroh;1100336;USA;1944;1990;1990;1990;3;4;0;1;0;5;0;L60342;1944;1947;1999;x
Strong;1100337;USA;1938;1944;1990;1990;3;7;256;2;0;5;0;L60343;1938;1945;1999;x
Sultan D.I.;1100338;USA;1938;1944;1990;1990;2;7;16;2;0;5;0;L60344;1938;1947;1999;x
Sutherland;1100339;USA;1938;1942;1990;1990;2;6;0;2;0;5;0;L60345;1938;1946;1999;x
Swift;1100340;USA;1937;1990;1990;1990;3;5;4;1;0;5;0;L60346;1937;1947;1999;x
Swing;1100341;USA;1941;1943;1990;1990;2;7;320;2;0;5;0;L60347;1941;1970;1999;x
Taylor;1100342;USA;1942;1951;1953;1990;0;8;256;4;0;5;0;L60348;1942;1970;1999;x
Thomas;1100343;USA;1942;1946;1990;1990;3;6;256;2;0;5;0;L60349;1942;1970;1999;x
Thompson;1100344;USA;1940;1990;1990;1990;3;5;4;1;0;5;0;L60350;1940;1945;1999;x
Thorson;1100345;USA;1943;1990;1990;1990;3;5;4;1;0;5;0;L60351;1943;1970;1999;x
Truscott L.K.;1100346;USA;1941;1944;1954;1990;1;8;33;3;0;5;0;L60352;1941;1965;1999;x
Turnage A.H.;1100347;USA;1941;1946;1948;1990;2;6;256;2;0;5;0;L60353;1941;1970;1999;x
Twaddle;1100348;USA;1942;1990;1990;1990;3;4;0;1;0;5;0;L60354;1942;1970;1999;x
Van Fleet;1100349;USA;1944;1946;1990;1990;3;7;4;2;0;5;0;L60355;1944;1970;1999;x
Van Voorhis;1100350;USA;1930;1940;1990;1990;2;5;128;2;0;5;0;L60356;1930;1942;1999;x
Vandegrift A.A.;1100351;USA;1939;1945;1945;1990;2;8;260;3;0;5;0;L60357;1939;1970;1999;x
Vandenberg;1100352;USA;1943;1945;1947;1990;3;6;8192;3;0;5;2;L60358;1943;1954;1999;x
Wainwright;1100353;USA;1930;1930;1990;1990;2;6;1;1;0;5;0;L60359;1938;1942;1999;x
Walker  F.L.;1100354;USA;1941;1990;1990;1990;3;4;0;1;0;5;0;L60360;1941;1946;1999;x
Walker W.H.;1100355;USA;1938;1945;1951;1990;3;7;128;3;0;5;0;L60361;1938;1950;1999;x
Wallace F.C.;1100356;USA;1940;1990;1990;1990;3;6;4;1;0;5;0;L60362;1940;1959;1999;x
Ward;1100357;USA;1942;1990;1990;1990;3;5;128;1;0;5;0;L60363;1942;1970;1999;x
Watson;1100358;USA;1944;1990;1990;1990;3;6;128;1;0;5;0;L60364;1944;1970;1999;x
Weaver;1100359;USA;1938;1940;1990;1990;2;5;0;2;0;5;0;L60365;1938;1943;1999;x
Wedemeyer;1100360;USA;1941;1943;1946;1990;2;7;4;3;0;5;0;L60366;1941;1970;1999;x
Wells;1100361;USA;1930;1990;1990;1990;3;4;0;1;0;5;0;L60367;1930;1935;1999;x
Wheeler;1100362;USA;1941;1944;1990;1990;2;6;1;2;0;5;0;L60368;1941;1970;1999;x
White  A.A.;1100363;USA;1940;1990;1990;1990;3;4;2;1;0;5;0;L60369;1940;1970;1999;x
White  T.D.;1100364;USA;1944;1945;1955;1990;2;7;0;3;0;5;2;L60370;1944;1970;1999;x
Willoughby;1100365;USA;1942;1990;1990;1990;3;4;0;1;0;5;0;L60372;1942;1946;1999;x
Wing;1100366;USA;1941;1990;1990;1990;3;5;0;1;0;5;0;L60373;1941;1945;1999;x
Wood  J.E.;1100367;USA;1943;1990;1990;1990;3;4;0;1;0;5;0;L60374;1943;1963;1999;x
Wood  J.S.;1100368;USA;1938;1990;1990;1990;3;7;128;3;0;5;0;L60375;1938;1946;1999;x
Woodruff;1100369;USA;1940;1990;1990;1990;3;6;4;1;0;5;0;L60376;1940;1970;1999;x
Wyche I.T.;1100370;USA;1941;1990;1990;1990;3;4;4;1;0;5;0;L60377;1941;1970;1999;x
Wyman;1100371;USA;1941;1942;1943;1990;2;7;4;3;0;5;0;L60378;1941;1970;1999;x
Anderson  C.R.;1100372;USA;1930;1990;1990;1990;3;5;0;1;0;5;1;L60379;1930;1943;1999;x
Anderson G.W.;1100373;USA;1947;1957;1961;1990;1;6;0;3;0;5;1;L60380;1947;1970;1999;x
Barbey;1100374;USA;1930;1942;1990;1990;2;5;0;2;0;5;1;L60381;1942;1951;1999;x
Beary;1100375;USA;1941;1990;1990;1990;3;7;0;1;0;5;1;L60382;1941;1970;1999;x
Bogan;1100376;USA;1943;1990;1990;1990;3;5;0;1;0;5;1;L60384;1943;1970;1999;x
Bulkeley;1100377;USA;1939;1942;1990;1990;2;5;0;2;0;5;1;L60385;1939;1946;1999;x
Burke;1100378;USA;1942;1955;1955;1990;2;6;4096;4;0;5;1;L60386;1942;1970;1999;x
Calhoun W.L.;1100379;USA;1941;1942;1946;1990;2;7;0;2;0;5;1;L60387;1941;1963;1999;x
Callaghan;1100380;USA;1941;1990;1990;1990;3;7;6144;1;0;5;1;L60388;1941;1970;1999;x
Campbell Kidd;1100381;USA;1939;1990;1990;1990;3;5;0;1;0;5;1;L60389;1939;1944;1999;x
Cassady;1100382;USA;1940;1990;1990;1990;3;6;0;1;0;5;1;L60390;1940;1947;1999;x
Christy;1100383;USA;1939;1990;1990;1990;3;5;0;1;0;5;1;L60391;1939;1946;1999;x
Clark J.J.;1100384;USA;1943;1952;1953;1990;3;5;0;2;0;5;1;L60392;1943;1970;1999;x
Comstock;1100385;USA;1943;1990;1990;1990;3;5;1024;1;0;5;1;L60393;1943;1970;1999;x
Cooke C.M.;1100386;USA;1930;1944;1946;1990;2;5;0;2;0;5;1;L60394;1942;1948;1999;x
Cooley;1100387;USA;1941;1945;1990;1990;3;7;4096;2;0;5;1;L60395;1941;1970;1999;x
Copeland;1100388;USA;1945;1990;1990;1990;3;5;0;1;0;5;1;L60396;1945;1970;1999;x
Cote;1100389;USA;1939;1944;1990;1990;2;6;2048;2;0;5;1;L60397;1939;1970;1999;x
Denfield;1100390;USA;1939;1943;1990;1990;2;5;0;2;0;5;1;L60398;1939;1970;1999;x
Durgin;1100391;USA;1940;1990;1990;1990;3;5;0;1;0;5;1;L60399;1940;1944;1999;x
Edwards;1100392;USA;1942;1944;1946;1990;2;7;0;3;0;5;1;L60400;1942;1970;1999;x
English R.H.;1100393;USA;1941;1942;1990;1990;3;8;1024;3;0;5;1;L60401;1941;1943;1999;x
Fechteler;1100394;USA;1942;1947;1951;1990;1;5;0;3;0;5;1;L60402;1942;1970;1999;x
Fife;1100395;USA;1941;1990;1990;1990;3;5;1024;1;0;5;1;L60403;1941;1970;1999;x
Fletcher;1100396;USA;1938;1942;1946;1990;2;6;12288;3;0;5;1;L60404;1938;1947;1999;x
Fuqua;1100397;USA;1944;1990;1990;1990;3;5;1024;1;0;5;1;L60405;1944;1970;1999;x
Ghormley;1100398;USA;1930;1939;1945;1990;1;5;0;3;0;5;1;L60406;1938;1947;1999;x
Giffen;1100399;USA;1940;1990;1990;1990;3;5;0;1;0;5;1;L60407;1940;1970;1999;x
Ginder;1100400;USA;1943;1990;1990;1990;3;5;0;1;0;5;1;L60408;1943;1970;1999;x
Glassford;1100401;USA;1944;1990;1990;1990;3;6;8192;1;0;5;1;L60409;1944;1970;1999;x
Glover C.D.;1100402;USA;1944;1955;1957;1990;2;7;2048;2;0;5;1;L60410;1944;1970;1999;x
Goward;1100403;USA;1945;1990;1990;1990;3;5;0;1;0;5;1;L60411;1945;1970;1999;x
Gygax;1100404;USA;1938;1990;1990;1990;3;4;0;1;0;5;1;L60412;1938;1970;1999;x
Hall J.L.;1100405;USA;1943;1945;1953;1990;3;6;4096;1;0;5;1;L60413;1943;1970;1999;x
Halsey;1100406;USA;1938;1940;1942;1945;1;9;12288;4;0;5;1;L60414;1938;1947;1999;x
Hardison O.B.;1100407;USA;1942;1990;1990;1990;3;6;8192;1;0;5;1;L60415;1942;1970;1999;x
Harrill W.K.;1100408;USA;1940;1990;1990;1990;3;5;0;1;0;5;1;L60416;1940;1946;1999;x
Hart;1100409;USA;1938;1941;1943;1990;1;8;4096;3;0;5;1;L60417;1938;1970;1999;x
Henderson;1100410;USA;1942;1990;1990;1990;3;7;8192;1;0;5;1;L60418;1942;1970;1999;x
Hewitt;1100411;USA;1930;1942;1990;1990;2;5;0;2;0;5;1;L60419;1930;1946;1999;x
Hill;1100412;USA;1939;1943;1990;1990;2;5;0;2;0;5;1;L60420;1939;1970;1999;x
Hilles;1100413;USA;1944;1990;1990;1990;3;5;0;1;0;5;1;L60421;1944;1970;1999;x
Ingram;1100414;USA;1942;1990;1990;1990;3;5;0;1;0;5;1;L60422;1942;1970;1999;x
Kalbfus;1100415;USA;1937;1939;1941;1990;1;6;4096;3;0;5;1;L60423;1937;1942;1999;x
Kimmel H.E.;1100416;USA;1937;1939;1941;1990;1;6;0;3;0;5;1;L60424;1937;1970;1999;x
King;1100417;USA;1930;1930;1941;1944;0;9;6144;5;0;5;1;L60425;1930;1945;1999;x
Kinkaid;1100418;USA;1941;1943;1945;1990;2;7;6144;3;0;5;1;L60426;1941;1970;1999;x
Kirk;1100419;USA;1930;1990;1990;1990;3;5;0;1;0;5;1;L60427;1939;1947;1999;x
Leahy;1100420;USA;1930;1930;1930;1944;1;8;4608;2;0;5;1;L60429;1927;1947;1999;x
Lee W.A.;1100421;USA;1940;1943;1990;1990;2;6;0;1;0;5;1;L60430;1940;1945;1999;x
Lindsay;1100422;USA;1930;1990;1990;1990;3;5;512;1;0;5;1;L60431;1930;1939;1999;x
Lockwood C.A.;1100423;USA;1939;1943;1990;1990;2;8;1024;2;0;5;1;L60432;1939;1967;1999;x
Maguire;1100424;USA;1944;1990;1990;1990;3;5;2048;1;0;5;1;L60433;1944;1970;1999;x
Martin;1100425;USA;1942;1946;1990;1990;3;6;0;2;0;5;1;L60434;1942;1970;1999;x
Mason;1100426;USA;1930;1990;1990;1990;3;5;0;1;0;5;1;L60435;1940;1946;1999;x
McCain J.S.;1100427;USA;1940;1943;1945;1990;2;5;0;2;0;5;1;L60436;1941;1945;1999;x
McCann;1100428;USA;1939;1990;1990;1990;3;6;1024;1;0;5;1;L60437;1939;1945;1999;x
McCollum A.H.;1100429;USA;1930;1990;1990;1990;3;5;0;1;0;5;1;L60438;1940;1970;1999;x
McCormick;1100430;USA;1939;1942;1944;1990;2;5;0;3;0;5;1;L60439;1939;1946;1999;x
McKee A.I.;1100431;USA;1943;1990;1990;1990;3;5;0;1;0;5;1;L60440;1943;1970;1999;x
McMorris C.H.;1100432;USA;1942;1990;1990;1990;3;5;8192;1;0;5;1;L60441;1942;1970;1999;x
Mills G.H.;1100433;USA;1944;1990;1990;1990;3;5;0;1;0;5;1;L60442;1944;1970;1999;x
Mitscher;1100434;USA;1942;1944;1946;1990;2;8;0;3;0;5;1;L60443;1942;1947;1999;x
Momsen;1100435;USA;1941;1944;1990;1990;2;7;1024;2;0;5;1;L60444;1941;1970;1999;x
Moore  G.C.;1100436;USA;1930;1941;1990;1990;2;5;0;2;0;5;1;L60445;1930;1944;1999;x
Moore  S.;1100437;USA;1939;1942;1990;1990;2;5;0;2;0;5;1;L60446;1939;1945;1999;x
Mullinix;1100438;USA;1943;1990;1990;1990;3;5;0;1;0;5;1;L60447;1943;1970;1999;x
Nimitz C.W.;1100439;USA;1930;1938;1941;1944;0;9;12288;5;0;5;1;L60448;1938;1945;1999;x
Noyes;1100440;USA;1944;1990;1990;1990;3;5;2048;1;0;5;1;L60449;1944;1970;1999;x
Ofstie;1100441;USA;1939;1990;1990;1990;3;5;0;1;0;5;1;L60450;1939;1944;1999;x
Ogan;1100442;USA;1930;1990;1990;1990;3;5;0;1;0;5;1;L60451;1930;1941;1999;x
Oldendorf;1100443;USA;1942;1944;1947;1990;3;6;0;3;0;5;1;L60452;1942;1970;1999;x
Paine R.W.;1100444;USA;1944;1990;1990;1990;3;5;1024;1;0;5;1;L60453;1944;1970;1999;x
Peterson;1100445;USA;1941;1945;1990;1990;3;5;0;2;0;5;1;L60454;1941;1970;1999;x
Powell P.P.;1100446;USA;1940;1990;1990;1990;3;7;2048;2;0;5;1;L60455;1940;1970;1999;x
Price J.D.;1100447;USA;1930;1946;1954;1990;2;5;8192;2;0;5;2;L60456;1940;1950;1999;x
Pye;1100448;USA;1942;1946;1990;1990;3;5;0;2;0;5;1;L60457;1942;1970;1999;x
Robbins;1100449;USA;1943;1990;1990;1990;3;5;0;1;0;5;1;L60459;1943;1970;1999;x
Rodgers;1100450;USA;1930;1990;1990;1990;3;5;0;1;0;5;1;L60460;1930;1939;1999;x
Schoeffel;1100451;USA;1944;1990;1990;1990;3;5;0;1;0;5;1;L60461;1944;1970;1999;x
Scott;1100452;USA;1938;1942;1990;1990;2;7;4096;2;0;5;1;L60462;1938;1947;1999;x
Sherman  F.C.;1100453;USA;1942;1945;1990;1990;3;7;4096;2;0;5;1;L60463;1942;1947;1999;x
Sherman  F.P.;1100454;USA;1943;1948;1949;1990;1;6;4096;3;0;5;1;L60464;1943;1970;1999;x
Smith;1100455;USA;1939;1990;1990;1990;3;5;1024;1;0;5;1;L60465;1939;1946;1999;x
Smith-Hutton;1100456;USA;1930;1990;1990;1990;3;5;0;1;0;5;1;L60466;1930;1942;1999;x
Sprague  C.A.F.;1100457;USA;1944;1946;1990;1990;3;5;0;2;0;5;1;L60467;1944;1970;1999;x
Sprague  T.L.;1100458;USA;1943;1990;1990;1990;3;8;0;1;0;5;1;L60468;1943;1970;1999;x
Spruance;1100459;USA;1940;1943;1944;1990;1;9;4096;4;0;5;1;L60469;1940;1970;1999;x
Stark;1100460;USA;1930;1930;1939;1990;1;7;10240;2;0;5;1;L60470;1930;1946;1999;x
Stump F.B.;1100461;USA;1940;1948;1953;1990;3;5;0;1;0;5;1;L60471;1940;1970;1999;x
Theobald;1100462;USA;1945;1990;1990;1990;3;5;0;1;0;5;1;L60473;1945;1970;1999;x
Towers J.H.;1100463;USA;1939;1942;1945;1990;2;6;0;2;0;5;1;L60474;1939;1955;1999;x
Turner  K.;1100464;USA;1939;1942;1944;1990;1;7;0;3;0;5;1;L60475;1939;1970;1999;x
Turner R.;1100465;USA;1941;1943;1944;1990;2;6;0;3;0;5;1;L60476;1941;1947;1999;x
Upham;1100466;USA;1930;1930;1930;1990;1;5;8192;1;0;5;1;L60477;1927;1936;1999;x
Walters;1100467;USA;1945;1990;1990;1990;3;4;1024;1;0;5;1;L60478;1945;1970;1999;x
Withers;1100468;USA;1930;1942;1990;1990;2;7;1024;2;0;5;1;L60479;1930;1945;1999;x
Wright  C.;1100469;USA;1942;1990;1990;1990;3;7;4096;1;0;5;1;L60480;1942;1970;1999;x
Wright  J.;1100470;USA;1942;1944;1990;1990;3;7;4096;2;0;5;1;L60481;1942;1970;1999;x
Andrews F.M.;1100471;USA;1930;1941;1943;1990;2;7;36864;2;0;5;2;L60482;1934;1943;1999;x
Arnold  A.V.;1100472;USA;1940;1942;1990;1990;2;5;64;2;0;5;0;L60483;1940;1946;1999;x
Arnold H.;1100473;USA;1930;1938;1941;1944;1;9;32768;4;0;5;2;L60484;1936;1946;1999;x
Balchen;1100474;USA;1944;1990;1990;1990;3;5;32768;1;0;5;2;L60485;1944;1970;1999;x
Bellinger P.N.L.;1100475;USA;1939;1943;1990;1990;2;6;131072;2;0;5;2;L60486;1939;1962;1999;x
Blakeslee;1100476;USA;1944;1990;1990;1990;3;5;65536;1;0;5;2;L60487;1944;1970;1999;x
Bradley;1100477;USA;1943;1990;1990;1990;3;6;4096;1;0;5;2;L60488;1943;1970;1999;x
Brereton;1100478;USA;1938;1944;1990;1990;2;6;4096;2;0;5;2;L60489;1938;1970;1999;x
Brett;1100479;USA;1939;1941;1990;1990;2;5;0;2;0;5;2;L60490;1941;1945;1999;x
Brooks;1100480;USA;1945;1990;1990;1990;3;5;131072;1;0;5;2;L60491;1945;1970;1999;x
Browne;1100481;USA;1944;1990;1990;1990;3;5;16384;1;0;5;2;L60492;1944;1946;1999;x
Burch W.O.;1100482;USA;1941;1990;1990;1990;3;5;0;1;0;5;2;L60493;1941;1970;1999;x
Byerts;1100483;USA;1944;1990;1990;1990;3;5;16384;1;0;5;2;L60494;1944;1970;1999;x
Cannon;1100484;USA;1942;1943;1945;1990;2;9;131072;3;0;5;2;L60495;1942;1970;1999;x
Cella;1100485;USA;1943;1990;1990;1990;3;5;16384;1;0;5;2;L60496;1943;1970;1999;x
Chennault C.L.;1100486;USA;1930;1943;1958;1990;2;7;16384;2;0;5;2;L60497;1930;1958;1999;x
Chickering;1100487;USA;1943;1946;1990;1990;3;5;4096;2;0;5;2;L60498;1943;1970;1999;x
Cochran;1100488;USA;1942;1990;1990;1990;3;5;0;1;0;5;2;L60500;1942;1944;1999;x
Collins J.F.;1100489;USA;1943;1990;1990;1990;3;5;0;1;0;5;2;L60501;1943;1970;1999;x
Craigie;1100490;USA;1943;1990;1990;1990;3;5;0;1;0;5;2;L60502;1943;1970;1999;x
Davis jr.;1100491;USA;1944;1990;1990;1990;3;6;4096;1;0;5;2;L60503;1944;1970;1999;x
Emmons D.C.;1100492;USA;1930;1940;1990;1990;2;5;0;2;0;5;2;L60504;1930;1965;1999;x
Doolittle;1100493;USA;1942;1943;1945;1990;2;7;32768;3;0;5;2;L60505;1942;1946;1999;x
Eaker I.C.;1100494;USA;1930;1942;1945;1990;2;7;16384;3;0;5;2;L60506;1930;1970;1999;x
Ellison;1100495;USA;1944;1990;1990;1990;3;5;16384;1;0;5;2;L60507;1944;1970;1999;x
Ferguson;1100496;USA;1938;1943;1990;1990;2;7;16384;2;0;5;2;L60508;1938;1946;1999;x
Fitch;1100497;USA;1939;1942;1990;1990;2;7;131072;2;0;5;2;L60509;1939;1946;1999;x
Forrest III N.B.;1100498;USA;1930;1942;1990;1990;3;5;0;1;0;5;2;L60510;1930;1943;1999;x
Frank;1100499;USA;1938;1941;1990;1990;3;6;4096;2;0;5;2;L60511;1938;1945;1999;x
French H.A.;1100500;USA;1943;1990;1990;1990;3;5;16384;1;0;5;2;L60512;1943;1970;1999;x
Gardner;1100501;USA;1942;1947;1990;1990;3;7;65536;2;0;5;2;L60514;1942;1970;1999;x
Giles B.M.;1100502;USA;1941;1944;1990;1990;2;6;8192;2;0;5;2;L60517;1941;1946;1999;x
Goodwin H.H.;1100503;USA;1943;1953;1990;1990;2;6;8192;2;0;5;1;L60518;1943;1970;1999;x
Grow;1100504;USA;1941;1944;1990;1990;2;7;131072;2;0;5;2;L60519;1941;1970;1999;x
Hallett;1100505;USA;1941;1943;1990;1990;2;5;16384;2;0;5;2;L60520;1941;1947;1999;x
Harmon H.R.;1100506;USA;1941;1943;1990;1990;2;6;131072;2;0;5;2;L60521;1941;1970;1999;x
Harmon M.F.;1100507;USA;1940;1942;1990;1990;2;7;4096;2;0;5;2;L60522;1940;1970;1999;x
Hawes R.E.;1100508;USA;1942;1990;1990;1990;3;6;8192;1;0;5;1;L60523;1942;1968;1999;x
Jackson;1100509;USA;1944;1990;1990;1990;3;5;4096;1;0;5;2;L60524;1944;1970;1999;x
Johnson;1100510;USA;1942;1990;1990;1990;3;4;4096;1;0;5;2;L60525;1942;1970;1999;x
Kennedy;1100511;USA;1944;1947;1990;1990;3;7;32768;2;0;5;2;L60526;1944;1970;1999;x
Kenney;1100512;USA;1941;1942;1945;1990;1;7;131072;3;0;2;2;L60527;1941;1970;1999;x
Kepner;1100513;USA;1942;1943;1990;1990;2;6;4096;2;0;5;2;L60528;1942;1970;1999;x
Kleine B.T.;1100514;USA;1942;1990;1990;1990;3;5;4096;1;0;5;2;L60529;1942;1970;1999;x
Krogstad;1100515;USA;1942;1990;1990;1990;3;5;131072;1;0;5;2;L60530;1942;1970;1999;x
Kuter;1100516;USA;1942;1944;1990;1990;2;7;16384;2;0;5;2;L60531;1942;1970;1999;x
LeMay;1100517;USA;1943;1948;1951;1990;2;8;36864;3;0;2;2;L60532;1943;1970;1999;x
Maddux;1100518;USA;1943;1990;1990;1990;3;5;0;1;0;5;2;L60533;1943;1970;1999;x
Maher A.L.;1100519;USA;1941;1990;1990;1990;3;6;8192;1;0;5;1;L60534;1941;1970;1999;x
McCarthy;1100520;USA;1943;1990;1990;1990;3;5;0;1;0;5;2;L60535;1943;1970;1999;x
McDonald D.L.;1100521;USA;1939;1945;1990;1990;2;6;8192;2;0;5;2;L60536;1939;1970;1999;x
Michall;1100522;USA;1942;1945;1990;1990;3;6;8192;2;0;5;2;L60538;1942;1970;1999;x
Mitscher;1100523;USA;1942;1944;1946;1990;2;8;131072;3;0;5;2;L60539;1942;1947;1999;x
Moon;1100524;USA;1945;1990;1990;1990;3;5;8192;1;0;5;2;L60540;1945;1970;1999;x
Mulcahy;1100525;USA;1942;1990;1990;1990;3;6;16384;1;0;5;2;L60541;1942;1970;1999;x
Murray;1100526;USA;1942;1990;1990;1990;3;5;0;1;0;5;2;L60542;1942;1970;1999;x
Norstad;1100527;USA;1943;1944;1946;1990;2;6;8192;3;0;5;2;L60543;1943;1970;1999;x
Parsons;1100528;USA;1944;1990;1990;1990;3;5;0;1;0;5;2;L60544;1944;1970;1999;x
Partridge;1100529;USA;1942;1944;1990;1990;2;6;32768;2;0;5;2;L60545;1942;1970;1999;x
Peabody;1100530;USA;1941;1990;1990;1990;3;5;0;1;0;5;2;L60546;1941;1946;1999;x
Pownall;1100531;USA;1944;1990;1990;1990;3;5;0;1;0;5;2;L60547;1944;1970;1999;x
Quesada;1100532;USA;1942;1944;1990;1990;2;7;4096;2;0;2;2;L60548;1942;1970;1999;x
Richmond;1100533;USA;1942;1990;1990;1990;3;5;0;1;0;5;2;L60549;1942;1970;1999;x
Royce;1100534;USA;1943;1990;1990;1990;3;5;0;1;0;5;2;L60550;1943;1970;1999;x
Rutherford Browning;1100535;USA;1942;1946;1990;1990;3;6;8192;2;0;5;2;L60551;1942;1970;1999;x
Ryan W.O.;1100536;USA;1941;1990;1990;1990;3;5;4096;1;0;5;2;L60552;1941;1946;1999;x
Sallada;1100537;USA;1943;1990;1990;1990;3;5;131072;1;0;5;2;L60553;1943;1970;1999;x
Sanders H.L.;1100538;USA;1941;1990;1990;1990;3;6;65536;1;0;5;2;L60554;1941;1970;1999;x
Schlatter;1100539;USA;1944;1946;1990;1990;3;5;0;2;0;5;2;L60555;1944;1970;1999;x
Simpson;1100540;USA;1943;1990;1990;1990;3;5;0;1;0;5;2;L60556;1943;1970;1999;x
Spaatz;1100541;USA;1940;1942;1943;1990;1;9;53248;4;0;2;2;L60557;1940;1970;1999;x
Timberlake;1100542;USA;1943;1945;1990;1990;2;5;16384;2;0;5;2;L60558;1943;1970;1999;x
Tucker;1100543;USA;1942;1990;1990;1990;2;7;256;2;0;5;0;L60559;1942;1970;1999;x
Twining;1100544;USA;1942;1944;1951;1990;1;7;0;4;0;2;2;L60560;1942;1970;1999;x
Van Ross;1100545;USA;1942;1946;1990;1990;3;6;131072;2;0;5;2;L60561;1942;1970;1999;x
Vieweg;1100546;USA;1942;1990;1990;1990;3;5;0;1;0;5;2;L60562;1942;1970;1999;x
Walker K.N.;1100547;USA;1930;1990;1990;1990;3;7;8192;1;0;5;2;L60563;1930;1943;1999;x
Walton;1100548;USA;1938;1990;1990;1990;3;5;8192;1;0;5;2;L60564;1938;1944;1999;x
Walsh;1100549;USA;1942;1990;1990;1990;3;5;0;1;0;5;2;L60565;1942;1970;1999;x
Weyland;1100550;USA;1943;1945;1990;1990;2;6;16384;2;0;5;2;L60566;1943;1970;1999;x
White;1100551;USA;1942;1944;1946;1990;2;6;0;3;0;5;0;L60567;1942;1970;1999;x
Whitehead;1100552;USA;1943;1945;1990;1990;3;5;16384;2;0;5;2;L60568;1943;1945;1999;x
Williams;1100553;USA;1942;1990;1990;1990;3;5;16384;1;0;5;2;L60569;1942;1947;1999;x
Woods;1100554;USA;1944;1990;1990;1990;3;7;16384;1;0;5;2;L60570;1944;1970;1999;x
Young C.M.;1100555;USA;1942;1990;1990;1990;3;5;4096;1;0;5;2;L60571;1942;1970;1999;x
Zemke;1100556;USA;1942;1990;1990;1990;3;6;4096;2;0;5;2;L60572;1942;1970;1999;x
Zykowski;1100557;USA;1945;1990;1990;1990;3;5;0;1;0;5;2;L60573;1945;1970;1999;x
Milburn;1100558;USA;1942;1947;1990;1990;3;7;0;2;0;5;0;L60574;1942;1970;1999;x
Anderson S.E.;1100559;USA;1938;1953;1959;1990;3;6;16384;1;0;5;2;L60575;1938;1963;1999;x
Wilhelm;1100560;USA;1943;1990;1990;1990;3;5;4096;1;0;5;2;L60576;1943;1970;1999;x
Allen T.;1100561;USA;1941;1990;1990;1990;3;7;1;1;0;5;0;L60577;1941;1970;1999;x
Yardley D.R.;1100562;USA;1942;1990;1990;1990;3;7;256;1;0;5;0;L60578;1942;1946;1999;x
Chidlaw;1100563;USA;1942;1944;1947;1990;2;8;65536;3;0;5;2;L60499;1942;1970;1999;x
Hutchison J.C.;1100564;USA;1943;1990;1990;1990;3;5;1;1;0;5;0;L60580;1943;1970;1999;x
Radford;1100565;USA;1949;1952;1954;1990;2;5;1024;2;0;5;1;M6256;1949;1970;1999;x
Carney;1100566;USA;1945;1953;1990;1990;2;5;0;2;0;5;1;M6265;1945;1970;1999;x
McDonald;1100567;USA;1946;1954;1970;1990;1;6;8192;3;0;5;1;M6268;1946;1970;1999;x
Struble;1100568;USA;1946;1951;1990;1990;2;4;4096;2;0;5;1;L60584;1946;1970;1999;x
Smith  A.E.;1100569;USA;1949;1990;1990;1990;3;3;2048;1;0;5;1;L60585;1949;1970;1999;x
Pershing;1100570;USA;1905;1916;1917;1917;0;9;23;4;0;5;0;1658;1905;1932;1999;x
Doyen;1100571;USA;1908;1932;1932;1932;3;6;256;2;0;5;0;1659;1908;1919;1999;x
Harbord;1100572;USA;1908;1917;1920;1932;1;6;0;3;0;5;0;1660;1908;1932;1999;x
Bundy;1100573;USA;1910;1919;1932;1932;2;8;0;2;0;5;0;1661;1910;1932;1999;x
Bliss;1100574;USA;1900;1915;1917;1932;1;7;0;3;0;5;0;1662;1900;1929;1999;x
Liggett;1100575;USA;1905;1917;1922;1932;2;7;64;3;0;5;0;1663;1905;1932;1999;x
Bullard;1100576;USA;1911;1917;1919;1932;1;7;4;3;0;5;0;1664;1911;1932;1999;x
Cameron;1100577;USA;1914;1917;1932;1932;2;6;0;2;0;5;0;1665;1914;1932;1999;x
Dickman;1100578;USA;1904;1917;1932;1932;2;6;2;3;0;5;0;1666;1904;1925;1999;x
Funston;1100579;USA;1900;1915;1917;1932;1;7;4;3;0;5;0;1667;1900;1917;1999;x
March;1100580;USA;1914;1917;1917;1932;1;7;0;3;0;5;0;1668;1914;1932;1999;x
Rockenbach;1100581;USA;1912;1917;1928;1932;2;7;128;2;0;5;0;1669;1912;1932;1999;x
Sibert;1100582;USA;1912;1919;1932;1932;2;7;4;3;0;5;0;1670;1912;1932;1999;x
Muir;1100583;USA;1911;1917;1932;1932;2;6;0;2;0;5;0;1672;1911;1930;1999;x
Summerall;1100584;USA;1915;1917;1922;1932;1;7;0;3;0;5;0;1673;1915;1932;1999;x
Ballou;1100585;USA;1904;1917;1924;1932;2;6;0;3;0;5;0;1674;1904;1925;1999;x
Menoher;1100586;USA;1907;1917;1925;1932;1;6;0;2;0;5;0;1675;1907;1931;1999;x
Martin Ch.;1100587;USA;1914;1918;1932;1932;2;6;2;2;0;5;0;1676;1914;1932;1999;x
Bell G.;1100588;USA;1907;1915;1932;1932;2;6;0;2;0;5;0;1677;1907;1927;1999;x
Cronkhite;1100589;USA;1911;1917;1932;1932;2;6;64;3;0;5;0;1678;1911;1928;1999;x
Allen H.;1100590;USA;1911;1919;1925;1932;2;6;0;2;0;5;0;1679;1911;1930;1999;x
Gordon;1100591;USA;1914;1932;1932;1932;3;6;0;2;0;5;0;1680;1914;1930;1999;x
Parker F.;1100592;USA;1912;1919;1932;1932;3;6;0;2;0;5;0;1681;1912;1930;1999;x
McGlachlin;1100593;USA;1914;1932;1932;1932;3;6;0;1;0;5;0;1682;1914;1925;1999;x
Howze;1100594;USA;1911;1932;1932;1932;3;6;0;1;0;5;0;1683;1911;1927;1999;x
Hines;1100595;USA;1915;1917;1922;1932;1;6;0;3;0;5;0;1684;1915;1932;1999;x
Hersey;1100596;USA;1916;1932;1932;1932;3;6;0;2;0;5;0;6125;1916;1932;1999;x
Poore;1100597;USA;1914;1925;1932;1932;3;6;0;2;0;5;0;1685;1914;1932;1999;x
McMahon;1100598;USA;1914;1932;1932;1932;3;6;0;2;0;5;0;1686;1914;1932;1999;x
Ely;1100599;USA;1914;1917;1932;1932;2;6;0;3;0;5;0;1687;1914;1932;1999;x
Irwin;1100600;USA;1914;1932;1932;1932;3;6;0;2;0;5;0;1688;1914;1928;1999;x
Barth;1100601;USA;1916;1932;1932;1932;3;6;0;2;0;5;0;unknownleader;1916;1932;1999;x
Wittenmyer;1100602;USA;1916;1932;1932;1932;3;6;0;1;0;5;0;unknownleader;1916;1932;1999;x
Morrison;1100603;USA;1911;1932;1932;1932;3;6;4;2;0;5;0;1689;1911;1930;1999;x
Leitch;1100604;USA;1916;1932;1932;1932;3;6;0;1;0;5;0;unknownleader;1916;1932;1999;x
Graves;1100605;USA;1912;1918;1922;1932;2;6;13;3;0;5;0;1690;1912;1932;1999;x
Helmick;1100606;USA;1912;1932;1932;1932;3;6;16;2;0;5;0;1691;1912;1928;1999;x
Bamford;1100607;USA;1914;1932;1932;1932;3;6;0;2;0;5;0;1692;1914;1932;1999;x
Hale H.C.;1100608;USA;1914;1919;1932;1932;2;6;0;3;0;5;0;1693;1914;1930;1999;x
O'Ryan;1100609;USA;1915;1921;1932;1932;2;6;0;2;0;5;0;1694;1915;1932;1999;x
Barber;1100610;USA;1916;1932;1932;1932;3;6;0;2;0;5;0;unknownleader;1916;1932;1999;x
Morton;1100611;USA;1912;1932;1932;1932;3;6;0;2;0;5;0;1695;1912;1928;1999;x
Scott W.;1100612;USA;1917;1932;1932;1932;3;6;0;1;0;5;0;unknownleader;1917;1930;1999;x
Townsley;1100613;USA;1911;1932;1932;1932;3;6;0;2;0;5;0;6126;1911;1925;1999;x
Faison;1100614;USA;1914;1922;1932;1932;2;6;2;3;0;5;0;1696;1914;1930;1999;x
Kernan;1100615;USA;1917;1932;1932;1932;3;6;0;2;0;5;0;6127;1917;1932;1999;x
Lyon;1100616;USA;1916;1932;1932;1932;3;6;0;1;0;5;0;unknownleader;1916;1932;1999;x
Parker J.;1100617;USA;1914;1927;1932;1932;3;6;0;2;0;5;0;1697;1914;1930;1999;x
Haan;1100618;USA;1911;1918;1932;1932;2;7;0;3;0;5;0;1698;1911;1925;1999;x
Lassiter;1100619;USA;1916;1925;1932;1932;2;7;0;3;0;5;0;1699;1916;1932;1999;x
Blocksom;1100620;USA;1909;1919;1932;1932;2;6;64;2;0;5;0;1700;1909;1930;1999;x
Johnston;1100621;USA;1916;1932;1932;1932;3;6;0;1;0;5;0;unknownleader;1916;1932;1999;x
Traub;1100622;USA;1914;1932;1932;1932;3;6;0;2;0;5;0;1701;1914;1930;1999;x
Dugan;1100623;USA;1914;1932;1932;1932;3;6;4;2;0;5;0;1702;1914;1928;1999;x
Greble;1100624;USA;1908;1918;1932;1932;2;6;0;2;0;5;0;1703;1908;1925;1999;x
Smith W.;1100625;USA;1914;1932;1932;1932;3;6;0;2;0;5;0;1704;1914;1930;1999;x
Treat;1100626;USA;1914;1932;1932;1932;3;6;2;2;0;5;0;1705;1914;1930;1999;x
Farnsworth;1100627;USA;1911;1917;1932;1932;2;6;4;3;0;5;0;1706;1911;1930;1999;x
Sage;1100628;USA;1911;1932;1932;1932;3;6;0;1;0;5;0;unknownleader;1911;1923;1999;x
Cole ;1100629;USA;1915;1932;1932;1932;3;6;0;2;0;5;0;1707;1915;1930;1999;x
Mann;1100630;USA;1910;1917;1932;1932;2;6;0;3;0;5;0;1708;1910;1928;1999;x
Flagler;1100631;USA;1911;1932;1932;1932;3;6;2;2;0;5;0;1709;1911;1930;1999;x
Bell J.F.;1100632;USA;1898;1911;1919;1932;1;6;0;2;0;5;0;1710;1898;1920;1999;x
Duncan;1100633;USA;1916;1932;1932;1932;3;6;0;2;0;5;0;6128;1916;1932;1999;x
Scott H.;1100634;USA;1900;1911;1919;1932;1;7;2;3;0;5;0;1711;1900;1930;1999;x
McRae;1100635;USA;1911;1918;1932;1932;2;6;0;2;0;5;0;1712;1911;1927;1999;x
Kuhn;1100636;USA;1912;1917;1932;1932;2;6;16;2;0;5;0;1713;1912;1930;1999;x
Sturgis;1100637;USA;1914;1920;1932;1932;3;6;0;2;0;5;0;1714;1914;1930;1999;x
Bailey;1100638;USA;1909;1917;1924;1932;2;6;4;2;0;5;0;1715;1909;1925;1999;x
Burnham;1100639;USA;1916;1932;1932;1932;3;6;0;2;0;5;0;unknownleader;1916;1932;1999;x
Glenn;1100640;USA;1916;1932;1932;1932;3;6;0;2;0;5;0;1716;1916;1928;1999;x
Wilder;1100641;USA;1914;1932;1932;1932;3;6;0;1;0;5;0;1717;1914;1925;1999;x
Barry;1100642;USA;1911;1915;1932;1932;3;6;0;2;0;5;0;1718;1911;1928;1999;x
Kennon;1100643;USA;1910;1916;1932;1932;2;7;4;2;0;5;0;1719;1910;1928;1999;x
Van Vliet;1100644;USA;1914;1932;1932;1932;3;6;0;1;0;5;0;1720;1914;1930;1999;x
Martin W.;1100645;USA;1916;1932;1932;1932;3;6;0;1;0;5;0;unknownleader;1916;1932;1999;x
Plummer;1100646;USA;1912;1932;1932;1932;3;6;0;2;0;5;0;1721;1912;1925;1999;x
Getty;1100647;USA;1914;1924;1932;1932;3;6;8;2;0;5;0;1722;1914;1928;1999;x
Weigel;1100648;USA;1914;1932;1932;1932;3;6;0;2;0;5;0;1723;1914;1928;1999;x
Winn;1100649;USA;1911;1920;1932;1932;2;6;0;2;0;5;0;1724;1911;1928;1999;x
Greene H.;1100650;USA;1910;1932;1932;1932;3;6;4;2;0;5;0;1725;1910;1925;1999;x
Erwin;1100651;USA;1916;1932;1932;1932;3;6;0;1;0;5;0;unknownleader;1916;1932;1999;x
Hoffman;1100652;USA;1916;1932;1932;1932;3;6;0;1;0;5;0;unknownleader;1916;1932;1999;x
Holbrook W.;1100653;USA;1911;1920;1932;1932;2;6;0;2;0;5;0;1726;1911;1930;1999;x
Gaston;1100654;USA;1916;1932;1932;1932;3;6;0;1;0;5;0;unknownleader;1916;1932;1999;x
Carter;1100655;USA;1900;1911;1918;1932;2;6;2;3;0;5;0;1727;1900;1922;1999;x
Burkhardt;1100656;USA;1918;1932;1932;1932;3;6;0;2;0;5;0;unknownleader;1918;1932;1999;x
Laubach;1100657;USA;1916;1932;1932;1932;3;6;0;1;0;5;0;unknownleader;1916;1932;1999;x
Hutcheson;1100658;USA;1908;1919;1932;1932;3;6;0;2;0;5;0;6129;1908;1925;1999;x
Carleton;1100659;USA;1916;1932;1932;1932;3;6;0;1;0;5;0;unknownleader;1916;1932;1999;x
Estes;1100660;USA;1916;1932;1932;1932;3;6;0;1;0;5;0;unknownleader;1916;1932;1999;x
Bennett L.;1100661;USA;1915;1932;1932;1932;3;6;0;2;0;5;0;1728;1915;1930;1999;x
Lasseigne;1100662;USA;1909;1932;1932;1932;3;6;0;2;0;5;0;1729;1909;1925;1999;x
Simmons;1100663;USA;1916;1932;1932;1932;3;6;0;1;0;5;0;unknownleader;1916;1932;1999;x
Sweetser;1100664;USA;1911;1919;1932;1932;2;6;2;2;0;5;0;1730;1911;1930;1999;x
Gaujot;1100665;USA;1917;1932;1932;1932;3;6;64;2;0;5;0;1731;1917;1932;1999;x
Croft;1100666;USA;1917;1932;1932;1932;3;5;0;1;0;5;0;1732;1917;1930;1999;x
Smith M.;1100667;USA;1916;1932;1932;1932;3;6;0;2;0;5;0;unknownleader;1916;1932;1999;x
Martin Ca.;1100668;USA;1918;1932;1932;1932;3;6;0;1;0;5;0;unknownleader;1918;1932;1999;x
Day;1100669;USA;1916;1932;1932;1932;3;6;0;1;0;5;0;unknownleader;1916;1932;1999;x
Stewart G.;1100670;USA;1918;1932;1932;1932;3;6;0;2;0;5;0;unknownleader;1918;1932;1999;x
Styer;1100671;USA;1914;1932;1932;1932;3;6;8;1;0;5;0;1733;1914;1930;1999;x
Connor;1100672;USA;1916;1932;1932;1932;3;6;0;2;0;5;0;1734;1916;1930;1999;x
McAlexander;1100673;USA;1914;1924;1932;1932;2;6;2;3;0;5;0;1735;1914;1932;1999;x
Dawes;1100674;USA;1912;1919;1932;1932;3;6;0;1;0;5;0;1736;1912;1930;1999;x
Foulois;1100675;USA;1907;1917;1925;1932;1;7;4096;1;0;5;2;1738;1907;1932;1999;x
Milling;1100676;USA;1911;1918;1932;1932;2;6;0;0;0;5;2;1739;1911;1932;1999;x
Lahm;1100677;USA;1907;1919;1932;1932;3;5;0;0;0;5;2;1740;1907;1932;1999;x
Rickenbacker;1100678;USA;1916;1932;1932;1932;3;7;0;1;0;5;2;1742;1916;1932;1999;x
Hartney;1100679;USA;1912;1932;1932;1932;3;6;0;0;0;5;2;1743;1912;1932;1999;x
Benson;1100680;USA;1908;1912;1914;1922;1;8;4096;3;0;5;1;1744;1908;1928;1999;x
Eberle;1100681;USA;1908;1914;1919;1925;2;8;0;3;0;5;1;1745;1908;1927;1999;x
Coontz;1100682;USA;1909;1914;1919;1932;1;7;0;3;0;5;1;1746;1909;1930;1999;x
Fiske;1100683;USA;1903;1911;1918;1932;1;7;0;2;0;5;1;1747;1903;1930;1999;x
Mayo;1100684;USA;1904;1914;1916;1921;1;7;4096;3;0;5;1;1748;1904;1930;1999;x
Sims;1100685;USA;1904;1911;1914;1920;1;7;6144;3;0;5;1;1749;1904;1930;1999;x
Rodman;1100686;USA;1907;1914;1921;1932;1;7;8192;3;0;5;1;1750;1907;1930;1999;x
Caperton;1100687;USA;1904;1913;1914;1919;1;7;0;2;0;5;1;1751;1904;1928;1999;x
Gleaves;1100688;USA;1907;1914;1919;1932;1;7;2048;2;0;5;1;1752;1907;1930;1999;x
Fletcher F.F.;1100689;USA;1904;1911;1914;1932;1;7;4096;3;0;5;1;1753;1904;1925;1999;x
Wilson;1100690;USA;1909;1914;1920;1932;1;7;0;2;0;5;1;1754;1909;1932;1999;x
Strauss;1100691;USA;1908;1914;1917;1932;1;7;0;2;0;5;1;1755;1908;1932;1999;x
Niblack;1100692;USA;1910;1917;1932;1932;2;7;0;3;0;5;1;1756;1910;1928;1999;x
Kautz;1100693;USA;1897;1897;1932;1932;2;7;4096;3;0;5;1;1757;1897;1905;1999;x
Huse;1100694;USA;1905;1914;1932;1932;2;7;0;3;0;5;1;1758;1905;1930;1999;x
Pratt;1100695;USA;1917;1922;1928;1932;1;7;1024;2;0;5;1;1759;1917;1932;1999;x
Stickney;1100696;USA;1911;1932;1932;1932;3;7;0;2;0;5;1;1760;1911;1930;1999;x
Sellers;1100697;USA;1917;1925;1930;1932;1;7;0;3;0;5;1;1761;1917;1932;1999;x
Capps;1100698;USA;1908;1914;1932;1932;2;7;0;2;0;5;1;1762;1908;1932;1999;x
Hughes C.F.;1100699;USA;1911;1917;1923;1932;1;7;0;3;0;5;1;1763;1911;1932;1999;x
Hoogewerff;1100700;USA;1909;1932;1932;1932;3;7;0;1;0;5;1;1764;1909;1928;1999;x
Snowden;1100701;USA;1911;1932;1932;1932;3;7;0;1;0;5;1;unknownleader;1911;1925;1999;x
Kempff;1100702;USA;1897;1899;1932;1932;2;7;2048;2;0;5;1;1765;1897;1905;1999;x
McCully;1100703;USA;1914;1924;1932;1932;2;7;0;2;0;5;1;1766;1914;1932;1999;x
McKean;1100704;USA;1914;1925;1932;1932;2;7;0;3;0;5;1;1767;1914;1932;1999;x
Beardslee;1100705;USA;1897;1897;1932;1932;3;7;0;3;0;5;1;1768;1897;1901;1999;x
Ainsworth;1100706;USA;1905;1918;1932;1932;2;6;0;3;0;5;0;1769;1905;1927;1999;x
Aleshire;1100707;USA;1900;1911;1920;1932;2;6;1;2;0;5;0;1770;1900;1921;1999;x
Bertholf;1100708;USA;1908;1932;1932;1932;3;7;0;2;0;5;1;1771;1908;1922;1999;x
Bristol;1100709;USA;1915;1932;1932;1932;3;6;0;2;0;5;1;1772;1915;1932;1999;x
Clem;1100710;USA;1900;1911;1921;1932;2;6;0;2;0;5;0;1773;1900;1925;1999;x
Clement;1100711;USA;1916;1932;1932;1932;3;6;0;2;0;5;0;unknownleader;1916;1932;1999;x
Crozier;1100712;USA;1901;1918;1932;1932;3;6;0;2;0;5;0;1774;1901;1925;1999;x
Davenport Jr.;1100713;USA;1906;1932;1932;1932;3;6;0;2;0;5;1;unknownleader;1906;1920;1999;x
Glennon;1100714;USA;1906;1917;1932;1932;2;7;0;3;0;5;1;1775;1906;1930;1999;x
Goethals;1100715;USA;1907;1917;1932;1932;2;7;33;2;0;5;0;1776;1907;1924;1999;x
Harries;1100716;USA;1916;1932;1932;1932;3;6;0;1;0;5;0;unknownleader;1916;1932;1999;x
Meade;1100717;USA;1897;1897;1932;1932;2;6;512;2;0;5;1;1777;1897;1898;1999;x
MacIntyre;1100718;USA;1916;1932;1932;1932;3;6;0;2;0;5;0;6130;1916;1932;1999;x
Rixey;1100719;USA;1897;1932;1932;1932;3;5;0;1;0;5;1;1778;1897;1911;1999;x
Rogers;1100720;USA;1912;1919;1932;1932;2;6;1;2;0;5;0;1779;1912;1925;1999;x
Squier;1100721;USA;1908;1917;1922;1932;2;6;0;3;0;5;0;1780;1908;1930;1999;x
Sharpe;1100722;USA;1908;1916;1920;1932;2;6;1;3;0;5;0;1781;1908;1930;1999;x
Mosby;1100723;USA;1916;1932;1932;1932;3;6;0;1;0;5;0;1782;1916;1930;1999;x
Winslow;1100724;USA;1908;1915;1932;1932;2;7;0;3;0;5;1;1783;1908;1925;1999;x
Winans;1100725;USA;1916;1924;1932;1932;2;7;0;3;0;5;0;1784;1916;1932;1999;x
Boardman;1100726;USA;1914;1919;1932;1932;3;7;0;2;0;5;0;1785;1914;1930;1999;x
Covell;1100727;USA;1917;1932;1932;1932;3;7;0;2;0;5;0;1786;1917;1930;1999;x
McCoy;1100728;USA;1916;1920;1932;1932;2;7;2;2;0;5;0;1787;1916;1932;1999;x
Smedberg;1100729;USA;1915;1922;1932;1932;3;7;0;2;0;5;0;1788;1915;1930;1999;x
DeArmond;1100730;USA;1917;1932;1932;1932;3;7;0;1;0;5;0;1789;1917;1930;1999;x
Fleming;1100731;USA;1915;1932;1932;1932;3;7;0;2;0;5;0;1790;1915;1928;1999;x
Castner;1100732;USA;1912;1919;1932;1932;3;7;0;3;0;5;0;1791;1912;1930;1999;x
Malone;1100733;USA;1917;1932;1932;1932;3;7;0;2;0;5;0;1792;1917;1932;1999;x
Beach;1100734;USA;1914;1932;1932;1932;3;7;0;2;0;5;0;1793;1914;1932;1999;x
Stewart M.B.;1100735;USA;1916;1924;1932;1932;2;7;0;1;0;5;0;1794;1916;1932;1999;x
Foote;1100736;USA;1917;1932;1932;1932;3;7;0;2;0;5;0;1795;1917;1930;1999;x
Hagood;1100737;USA;1917;1932;1932;1932;3;7;0;1;0;5;0;1796;1917;1932;1999;x
Babbitt;1100738;USA;1917;1932;1932;1932;3;7;0;1;0;5;0;1797;1917;1930;1999;x
Hale I.;1100739;USA;1911;1932;1932;1932;3;7;0;2;0;5;0;1798;1911;1925;1999;x
Shafter;1100740;USA;1897;1898;1932;1932;2;7;4;3;0;5;0;1799;1897;1900;1999;x
Brooke;1100741;USA;1897;1898;1932;1932;2;7;0;3;0;5;0;1800;1897;1902;1999;x
Davis G.;1100742;USA;1897;1932;1932;1932;3;6;0;2;0;5;0;1801;1897;1905;1999;x
Ernst;1100743;USA;1897;1932;1932;1932;3;6;32;2;0;5;0;1802;1897;1902;1999;x
Henry;1100744;USA;1897;1932;1932;1932;3;6;0;3;0;5;0;1803;1897;1902;1999;x
Lee F.;1100745;USA;1897;1932;1932;1932;3;6;0;1;0;5;0;1804;1897;1902;1999;x
Ludlow;1100746;USA;1897;1932;1932;1932;3;6;32;3;0;5;0;1805;1897;1902;1999;x
Miles;1100747;USA;1897;1900;1932;1932;2;7;0;3;0;5;0;1806;1897;1904;1999;x
Wade;1100748;USA;1903;1932;1932;1932;3;6;0;2;0;5;0;1807;1903;1908;1999;x
Wilson J.H.;1100749;USA;1897;1932;1932;1932;3;6;518;3;0;5;0;1808;1897;1902;1999;x
MacArthur A.;1100750;USA;1897;1906;1932;1932;2;7;22;3;0;5;0;1809;1897;1910;1999;x
Lawton;1100751;USA;1897;1932;1932;1932;3;7;0;3;0;5;0;1810;1897;1900;1999;x
Otis;1100752;USA;1897;1898;1932;1932;2;6;16;2;0;5;0;1811;1897;1901;1999;x
Merritt;1100753;USA;1897;1898;1932;1932;2;7;0;3;0;5;0;1812;1897;1901;1999;x
Bates;1100754;USA;1897;1900;1906;1913;1;6;2;3;0;5;0;1813;1897;1907;1999;x
Kent;1100755;USA;1897;1932;1932;1932;3;6;0;3;0;5;0;1814;1897;1899;1999;x
Hawkins;1100756;USA;1897;1932;1932;1932;3;6;0;2;0;5;0;1815;1897;1902;1999;x
Sumner;1100757;USA;1897;1932;1932;1932;3;6;0;2;0;5;0;1816;1897;1902;1999;x
Ames;1100758;USA;1897;1932;1932;1932;3;6;2;2;0;5;0;1817;1897;1899;1999;x
Greene F.;1100759;USA;1897;1898;1932;1932;3;7;32;2;0;5;0;1818;1897;1900;1999;x
Dewey;1100760;USA;1897;1898;1898;1899;0;8;77824;4;0;5;1;1819;1897;1911;1999;x
Sampson;1100761;USA;1897;1898;1901;1932;2;8;6144;3;0;5;1;1820;1897;1903;1999;x
Sigsbee;1100762;USA;1897;1905;1932;1932;2;6;0;2;0;5;1;1821;1897;1914;1999;x
McCalla;1100763;USA;1897;1906;1932;1932;3;6;0;2;0;5;1;1822;1897;1909;1999;x
Brownson;1100764;USA;1897;1902;1932;1932;2;7;4096;2;0;5;1;1823;1897;1911;1999;x
Dyer;1100765;USA;1897;1932;1932;1932;3;6;0;2;0;5;1;unknownleader;1897;1907;1999;x
Allen J.;1100766;USA;1902;1990;1990;1990;3;7;0;3;0;5;0;1824;1902;1925;1999;x
Andrews G.;1100767;USA;1897;1990;1990;1990;3;5;0;2;0;5;0;1825;1897;1900;1999;x
Auman;1100768;USA;1897;1990;1990;1990;3;5;0;1;0;5;0;unknownleader;1897;1902;1999;x
Atterbury;1100769;USA;1904;1990;1990;1990;3;5;0;1;0;5;0;1826;1904;1932;1999;x
Austin;1100770;USA;1910;1990;1990;1990;3;5;0;1;0;5;0;1827;1910;1932;1999;x
Baldwin;1100771;USA;1902;1990;1990;1990;3;5;0;3;0;5;0;1828;1897;1907;1999;x
Bandholtz;1100772;USA;1907;1990;1990;1990;3;8;4;2;0;5;0;1829;1907;1925;1999;x
Buffington;1100773;USA;1897;1990;1990;1990;3;5;8;1;0;5;0;1830;1897;1911;1999;x
Batchelder;1100774;USA;1897;1990;1990;1990;3;5;513;2;0;5;0;1831;1897;1898;1999;x
Beach L.;1100775;USA;1910;1990;1990;1990;3;6;32;1;0;5;0;1832;1910;1932;1999;x
Bisbee;1100776;USA;1897;1990;1990;1990;3;5;0;1;0;5;0;unknownleader;1897;1911;1999;x
Beck;1100777;USA;1897;1990;1990;1990;3;7;0;3;0;5;0;1833;1897;1911;1999;x
Bennet J.;1100778;USA;1911;1990;1990;1990;3;6;0;1;0;5;0;1834;1911;1932;1999;x
Berkeley;1100779;USA;1918;1990;1990;1990;3;6;0;2;0;5;0;1835;1918;1932;1999;x
Bernard;1100780;USA;1897;1990;1990;1990;3;5;0;1;0;5;0;1836;1897;1903;1999;x
Burton;1100781;USA;1897;1990;1990;1990;3;5;0;1;0;5;0;unknownleader;1897;1911;1999;x
Berry;1100782;USA;1900;1990;1990;1990;3;5;0;2;0;5;0;1837;1900;1925;1999;x
Burbank;1100783;USA;1897;1990;1990;1990;3;5;0;1;0;5;0;unknownleader;1897;1911;1999;x
Biddle;1100784;USA;1903;1914;1990;1990;3;6;4;3;0;5;0;1838;1903;1920;1999;x
Birkhimer;1100785;USA;1897;1990;1990;1990;3;6;3;2;0;5;0;1839;1897;1914;1999;x
Bliss Z.;1100786;USA;1897;1990;1990;1990;3;5;512;2;0;5;0;1840;1897;1898;1999;x
Booth C.;1100787;USA;1897;1990;1990;1990;3;6;64;1;0;5;0;1841;1897;1914;1999;x
Boynton;1100788;USA;1897;1990;1990;1990;3;6;512;2;0;5;0;1842;1897;1899;1999;x
Breintnall;1100789;USA;1897;1990;1990;1990;3;5;0;1;0;5;0;1843;1897;1914;1999;x
Brewster;1100790;USA;1905;1990;1990;1990;3;5;0;1;0;5;0;unknownleader;1905;1922;1999;x
Bricker;1100791;USA;1916;1990;1990;1990;3;6;4;1;0;5;0;1844;1916;1932;1999;x
Brown L.;1100792;USA;1918;1990;1990;1990;3;6;32;1;0;5;0;1845;1918;1932;1999;x
Bryan;1100793;USA;1900;1990;1990;1990;3;6;0;2;0;5;0;1846;1900;1920;1999;x
Burns;1100794;USA;1897;1990;1990;1990;3;5;0;2;0;5;0;1847;1897;1901;1999;x
Carr E.;1100795;USA;1897;1990;1990;1990;3;5;0;2;0;5;0;1848;1897;1905;1999;x
Carr I.;1100796;USA;1918;1990;1990;1990;3;5;0;1;0;5;0;1849;1918;1932;1999;x
Catlin;1100797;USA;1916;1990;1990;1990;3;6;0;2;0;5;0;1850;1916;1932;1999;x
Catlin I.;1100798;USA;1897;1990;1990;1990;3;5;512;2;0;5;0;1851;1897;1900;1999;x
Chamberlain;1100799;USA;1897;1897;1990;1990;2;6;512;2;0;5;0;1852;1897;1899;1999;x
Cheatham;1100800;USA;1914;1990;1990;1990;3;6;1;1;0;5;0;1853;1914;1940;1999;x
Churchill;1100801;USA;1916;1990;1990;1990;3;6;0;2;0;5;0;1854;1916;1940;1999;x
Cole W.;1100802;USA;1916;1990;1990;1990;3;6;0;2;0;5;0;1855;1916;1940;1999;x
Carmichael;1100803;USA;1918;1990;1990;1990;3;5;0;1;0;5;0;unknownleader;1918;1940;1999;x
Conner;1100804;USA;1914;1920;1990;1990;3;6;16;2;0;5;0;1856;1914;1940;1999;x
Coppinger;1100805;USA;1897;1990;1990;1990;3;6;0;2;0;5;0;1857;1897;1905;1999;x
Corbin;1100806;USA;1897;1990;1990;1990;3;7;0;2;0;5;0;1858;1897;1901;1999;x
Craighill;1100807;USA;1897;1990;1990;1990;3;6;544;2;0;5;0;1859;1897;1899;1999;x
Crowder;1100808;USA;1911;1918;1990;1990;3;6;0;2;0;5;0;1860;1905;1932;1999;x
Crowell;1100809;USA;1914;1990;1990;1990;3;5;0;1;0;5;0;1861;1914;1940;1999;x
Cruse;1100810;USA;1905;1990;1990;1990;3;6;0;3;0;5;0;1862;1905;1930;1999;x
Daggett;1100811;USA;1897;1990;1990;1990;3;7;4;3;0;5;0;1863;1897;1911;1999;x
Dandy;1100812;USA;1897;1990;1990;1990;3;5;0;1;0;5;0;1864;1897;1905;1999;x
Dashiell;1100813;USA;1912;1990;1990;1990;3;6;0;2;0;5;0;1865;1912;1940;1999;x
Davis W.;1100814;USA;1897;1990;1990;1990;3;6;2;2;0;5;0;1866;1897;1905;1999;x
DeRussy;1100815;USA;1897;1990;1990;1990;3;6;0;2;0;5;0;1867;1897;1910;1999;x
Dickinson;1100816;USA;1897;1990;1990;1990;3;6;512;3;0;5;0;1868;1897;1905;1999;x
Donnelly E.;1100817;USA;1914;1918;1990;1990;3;6;0;2;0;5;0;1869;1912;1940;1999;x
Dimmick;1100818;USA;1897;1990;1990;1990;3;5;0;1;0;5;0;unknownleader;1897;1904;1999;x
Dodge;1100819;USA;1897;1990;1990;1990;3;5;0;1;0;5;0;unknownleader;1897;1909;1999;x
Dudley;1100820;USA;1897;1990;1990;1990;3;6;512;2;0;5;0;1870;1897;1911;1999;x
Edgerly;1100821;USA;1897;1990;1990;1990;3;6;0;2;0;5;0;1871;1897;1916;1999;x
Egbert;1100822;USA;1897;1990;1990;1990;3;6;0;2;0;5;0;1872;1897;1910;1999;x
Elliott;1100823;USA;1903;1990;1990;1990;3;7;0;3;0;5;0;1873;1897;1911;1999;x
Eltinge;1100824;USA;1914;1990;1990;1990;3;6;0;2;0;5;0;1874;1914;1932;1999;x
Enochs;1100825;USA;1917;1990;1990;1990;3;5;0;1;0;5;0;1875;1917;1940;1999;x
Feland;1100826;USA;1919;1925;1990;1990;3;6;0;2;0;5;0;1876;1916;1932;1999;x
Forsyth;1100827;USA;1897;1990;1990;1990;3;7;0;3;0;5;0;1877;1897;1912;1999;x
Furey;1100828;USA;1897;1990;1990;1990;3;5;512;1;0;5;0;unknownleader;1897;1911;1999;x
Fries;1100829;USA;1914;1990;1990;1990;3;5;64;1;0;5;0;1878;1914;1940;1999;x
Foltz;1100830;USA;1897;1990;1990;1990;3;6;0;2;0;5;0;unknownleader;1897;1920;1999;x
Gamborg-Andresen;1100831;USA;1902;1990;1990;1990;3;5;256;1;0;5;0;1879;1902;1916;1999;x
Garlington;1100832;USA;1897;1990;1990;1990;3;6;0;3;0;5;0;1880;1897;1918;1999;x
Gatley;1100833;USA;1914;1990;1990;1990;3;6;0;2;0;5;0;1881;1914;1939;1999;x
Gillespie;1100834;USA;1897;1990;1990;1990;3;5;544;2;0;5;0;1882;1897;1914;1999;x
Godfrey;1100835;USA;1897;1990;1990;1990;3;5;0;3;0;5;0;1883;1897;1914;1999;x
Godwin;1100836;USA;1902;1990;1990;1990;3;5;0;1;0;5;0;unknownleader;1902;1914;1999;x
Goodloe;1100837;USA;1897;1990;1990;1990;3;6;64;2;0;5;0;1884;1897;1911;1999;x
Greely;1100838;USA;1897;1990;1990;1990;3;7;34;3;0;5;0;1885;1897;1909;1999;x
Hains;1100839;USA;1897;1990;1990;1990;3;6;0;2;0;5;0;1886;1897;1912;1999;x
Halstead;1100840;USA;1917;1990;1990;1990;3;5;0;1;0;5;0;1887;1917;1940;1999;x
Hare;1100841;USA;1902;1990;1990;1990;3;5;0;1;0;5;0;1888;1902;1925;1999;x
Harllee;1100842;USA;1917;1990;1990;1990;3;5;0;1;0;5;0;1889;1917;1940;1999;x
Hayes;1100843;USA;1911;1990;1990;1990;3;5;0;1;0;5;0;1890;1911;1932;1999;x
Heard;1100844;USA;1911;1990;1990;1990;3;5;0;2;0;5;0;1891;1911;1923;1999;x
Heintzelman;1100845;USA;1921;1930;1990;1990;3;5;16;1;0;5;0;1892;1921;1936;1999;x
Heywood;1100846;USA;1897;1990;1990;1990;3;6;516;3;0;5;0;1893;1897;1904;1999;x
Holbrook L.;1100847;USA;1918;1932;1990;1990;3;6;0;2;0;5;0;1894;1916;1940;1999;x
Howard;1100848;USA;1897;1897;1990;1990;2;7;516;2;0;5;0;1895;1897;1902;1999;x
Hoyle;1100849;USA;1905;1990;1990;1990;3;5;0;1;0;5;0;unknownleader;1905;1925;1999;x
Humphrey;1100850;USA;1897;1990;1990;1990;3;5;3;2;0;5;0;1896;1897;1914;1999;x
Jadwin;1100851;USA;1922;1922;1990;1990;3;6;32;2;0;5;0;1897;1922;1932;1999;x
Kingman;1100852;USA;1900;1990;1990;1990;3;7;32;3;0;5;0;1898;1900;1917;1999;x
Kline;1100853;USA;1897;1990;1990;1990;3;5;0;1;0;5;0;unknownleader;1897;1909;1999;x
Leach;1100854;USA;1914;1990;1990;1990;3;6;0;1;0;5;0;1899;1914;1940;1999;x
Lauchheimer;1100855;USA;1910;1990;1990;1990;3;5;0;1;0;5;0;unknownleader;1910;1921;1999;x
Long;1100856;USA;1914;1990;1990;1990;3;6;0;2;0;5;0;1900;1914;1932;1999;x
Ludington;1100857;USA;1897;1990;1990;1990;3;5;1;2;0;5;0;1901;1897;1904;1999;x
Lieber;1100858;USA;1897;1990;1990;1990;3;5;0;1;0;5;0;6131;1897;1908;1999;x
Macclosky;1100859;USA;1915;1990;1990;1990;3;5;0;2;0;5;0;1902;1915;1940;1999;x
Mackenzie;1100860;USA;1897;1990;1990;1990;3;6;32;2;0;5;0;1903;1897;1911;1999;x
Macomb;1100861;USA;1905;1990;1990;1990;3;6;2;2;0;5;0;1904;1905;1925;1999;x
Mahoney;1100862;USA;1908;1990;1990;1990;3;6;0;2;0;5;0;1905;1908;1925;1999;x
Major;1100863;USA;1916;1990;1990;1990;3;5;0;1;0;5;0;1906;1916;1940;1999;x
Mauldin;1100864;USA;1908;1990;1990;1990;3;6;8;3;0;5;0;1907;1908;1927;1999;x
Maus;1100865;USA;1903;1990;1990;1990;3;6;0;3;0;5;0;1908;1903;1923;1999;x
McAndrew;1100866;USA;1914;1990;1990;1990;3;5;0;1;0;5;0;1909;1914;1930;1999;x
McCawley;1100867;USA;1907;1990;1990;1990;3;6;0;2;0;5;0;1910;1907;1925;1999;x
McCook;1100868;USA;1897;1990;1990;1990;3;5;512;2;0;5;0;1911;1897;1904;1999;x
McGunnegle;1100869;USA;1904;1990;1990;1990;3;6;0;2;0;5;0;1912;1904;1925;1999;x
McIver;1100870;USA;1902;1990;1990;1990;3;7;0;2;0;5;0;1913;1902;1932;1999;x
Merriam;1100871;USA;1897;1990;1990;1990;3;8;64;3;0;5;0;1914;1897;1904;1999;x
Mills A.;1100872;USA;1897;1990;1990;1990;3;6;0;2;0;5;0;1915;1897;1908;1999;x
McKibbin;1100873;USA;1897;1990;1990;1990;3;5;0;1;0;5;0;unknownleader;1897;1911;1999;x
Mindil;1100874;USA;1897;1990;1990;1990;3;5;0;1;0;5;0;1916;1897;1904;1999;x
Murphy;1100875;USA;1902;1990;1990;1990;3;5;0;2;0;5;0;1917;1902;1920;1999;x
Myers;1100876;USA;1919;1922;1990;1990;3;6;64;2;0;5;0;1918;1919;1940;1999;x
Neville;1100877;USA;1918;1920;1924;1990;3;7;258;2;0;5;0;1919;1914;1930;1999;x
Nettleton;1100878;USA;1897;1990;1990;1990;3;5;0;1;0;5;0;1920;1897;1908;1999;x
Nolan;1100879;USA;1920;1925;1990;1990;3;6;16;1;0;5;0;1921;1920;1940;1999;x
Olmsted;1100880;USA;1911;1990;1990;1990;3;5;0;2;0;5;0;1922;1911;1928;1999;x
Ovenshine;1100881;USA;1897;1990;1990;1990;3;7;0;3;0;5;0;1923;1897;1910;1999;x
Pennypacker;1100882;USA;1897;1990;1990;1990;3;5;0;1;0;5;0;1924;1897;1904;1999;x
Peck;1100883;USA;1917;1990;1990;1990;3;5;0;1;0;5;0;unknownleader;1917;1932;1999;x
Page;1100884;USA;1897;1990;1990;1990;3;5;0;1;0;5;0;unknownleader;1897;1907;1999;x
Pope;1100885;USA;1897;1990;1990;1990;3;5;768;2;0;5;0;1925;1897;1902;1999;x
Porter;1100886;USA;1917;1990;1990;1990;3;6;4;2;0;5;0;1926;1917;1932;1999;x
Randolph;1100887;USA;1901;1990;1990;1990;3;7;4;3;0;5;0;1927;1901;1905;1999;x
Rickards;1100888;USA;1912;1924;1990;1990;3;5;0;2;0;5;0;1928;1912;1932;1999;x
Roosevelt T.;1100889;USA;1990;1990;1990;1990;3;7;4;2;0;5;0;1929;1989;1990;1999;x
Rossell;1100890;USA;1904;1990;1990;1990;3;6;32;2;0;5;0;1930;1904;1920;1999;x
Rosser;1100891;USA;1897;1990;1990;1990;3;5;512;2;0;5;0;1931;1897;1899;1999;x
Ruckman;1100892;USA;1917;1990;1990;1990;3;7;2;3;0;5;0;1932;1917;1922;1999;x
Ruger;1100893;USA;1897;1990;1990;1990;3;7;514;3;0;5;0;1933;1897;1898;1999;x
Ruggles;1100894;USA;1897;1990;1990;1990;3;6;16;2;0;5;0;1934;1897;1905;1999;x
Runkle;1100895;USA;1897;1990;1990;1990;3;5;0;1;0;5;0;1935;1897;1908;1999;x
Russel;1100896;USA;1916;1990;1990;1990;3;5;0;1;0;5;0;1936;1916;1930;1999;x
Russell;1100897;USA;1918;1926;1990;1990;3;6;0;2;0;5;0;1937;1917;1932;1999;x
Saltzman;1100898;USA;1917;1990;1990;1990;3;6;0;1;0;5;0;1938;1917;1932;1999;x
Sanno;1100899;USA;1897;1990;1990;1990;3;6;4;2;0;5;0;1939;1897;1908;1999;x
Sawtelle;1100900;USA;1897;1990;1990;1990;3;5;513;2;0;5;0;1940;1897;1905;1999;x
Schofield;1100901;USA;1897;1897;1897;1932;1;9;512;2;0;5;0;1941;1897;1900;1999;x
Schuyler;1100902;USA;1905;1990;1990;1990;3;5;0;3;0;5;0;1942;1905;1920;1999;x
Schwan;1100903;USA;1897;1990;1990;1990;3;5;2;2;0;5;0;1943;1897;1909;1999;x
Scott E.;1100904;USA;1918;1990;1990;1990;3;5;0;1;0;5;0;1944;1918;1932;1999;x
Scriven;1100905;USA;1905;1990;1990;1990;3;5;0;1;0;5;0;1945;1905;1930;1999;x
Shanks;1100906;USA;1917;1990;1990;1990;3;5;0;2;0;5;0;1946;1912;1930;1999;x
Shaw;1100907;USA;1910;1990;1990;1990;3;6;256;2;0;5;0;1947;1910;1932;1999;x
Sheridan M.;1100908;USA;1897;1990;1990;1990;3;5;0;1;0;5;0;unknownleader;1897;1906;1999;x
Sibley;1100909;USA;1904;1990;1990;1990;3;5;0;1;0;5;0;unknownleader;1904;1925;1999;x
Sigerfoos;1100910;USA;1910;1990;1990;1990;3;6;0;3;0;5;0;1948;1910;1919;1999;x
Sladen;1100911;USA;1912;1990;1990;1990;3;6;0;2;0;5;0;1949;1912;1932;1999;x
Smith J.;1100912;USA;1897;1990;1990;1990;3;6;4;2;0;5;0;1950;1897;1911;1999;x
Stanton;1100913;USA;1897;1990;1990;1990;3;5;512;2;0;5;0;1951;1897;1901;1999;x
Stephens;1100914;USA;1916;1990;1990;1990;3;5;0;1;0;5;0;1952;1916;1920;1999;x
Stryker;1100915;USA;1897;1990;1990;1990;3;6;0;2;0;5;0;1953;1897;1911;1999;x
Sullivan;1100916;USA;1897;1990;1990;1990;3;6;1;2;0;5;0;1954;1897;1905;1999;x
Thorpe;1100917;USA;1919;1990;1990;1990;3;5;0;2;0;5;0;1955;1918;1932;1999;x
Tilford;1100918;USA;1897;1990;1990;1990;3;6;512;2;0;5;0;1956;1897;1900;1999;x
Townsend;1100919;USA;1897;1990;1990;1990;3;5;0;3;0;5;0;1957;1897;1908;1999;x
Van Deman;1100920;USA;1915;1990;1990;1990;3;6;16;2;0;5;0;1958;1915;1940;1999;x
Wagner;1100921;USA;1897;1990;1990;1990;3;6;4;3;0;5;0;1959;1897;1906;1999;x
Wahl;1100922;USA;1918;1922;1990;1990;3;6;16;1;0;5;0;1960;1918;1929;1999;x
Waller;1100923;USA;1911;1990;1990;1990;3;5;0;2;0;5;0;1961;1911;1927;1999;x
Weeks;1100924;USA;1897;1990;1990;1990;3;5;513;2;0;5;0;1962;1897;1906;1999;x
Wessells;1100925;USA;1897;1990;1990;1990;3;5;0;1;0;5;0;1963;1897;1909;1999;x
Wheaton;1100926;USA;1897;1990;1990;1990;3;6;0;2;0;5;0;1964;1897;1899;1999;x
Wheeler H.;1100927;USA;1911;1990;1990;1990;3;5;0;1;0;5;0;1965;1911;1928;1999;x
Whitney;1100928;USA;1908;1990;1990;1990;3;6;0;2;0;5;0;1966;1908;1930;1999;x
Whitside;1100929;USA;1897;1990;1990;1990;3;5;2;1;0;5;0;1967;1897;1905;1999;x
Wilson J.M.;1100930;USA;1897;1990;1990;1990;3;6;544;3;0;5;0;1968;1897;1910;1999;x
Wint;1100931;USA;1897;1990;1990;1990;3;5;0;1;0;5;0;1969;1897;1908;1999;x
Wisser;1100932;USA;1911;1990;1990;1990;3;5;0;2;0;5;0;1970;1911;1928;1999;x
Wood R.;1100933;USA;1917;1990;1990;1990;3;5;33;1;0;5;0;1971;1917;1932;1999;x
Wooten;1100934;USA;1918;1990;1990;1990;3;5;0;1;0;5;0;1972;1918;1940;1999;x
Wotherspoon;1100935;USA;1907;1990;1990;1990;3;6;0;2;0;5;0;1973;1907;1918;1999;x
Badger;1100936;USA;1905;1916;1990;1990;3;9;8192;3;0;5;1;1974;1905;1925;1999;x
Bayley;1100937;USA;1897;1990;1990;1990;3;5;0;1;0;5;1;1975;1897;1908;1999;x
Beatty;1100938;USA;1909;1990;1990;1990;3;7;0;2;0;5;1;1976;1909;1927;1999;x
Benham;1100939;USA;1897;1990;1990;1990;3;6;0;2;0;5;1;1977;1897;1902;1999;x
Billard;1100940;USA;1917;1990;1990;1990;3;6;8192;1;0;5;1;1978;1917;1940;1999;x
Bostwick;1100941;USA;1916;1990;1990;1990;3;6;0;2;0;5;1;1979;1916;1930;1999;x
Bowyer;1100942;USA;1909;1990;1990;1990;3;6;0;2;0;5;1;1980;1909;1924;1999;x
Chadwick;1100943;USA;1897;1990;1990;1990;3;6;0;2;0;5;1;1981;1897;1910;1999;x
Chester;1100944;USA;1897;1990;1990;1990;3;7;0;3;0;5;1;1982;1897;1904;1999;x
Clover;1100945;USA;1897;1990;1990;1990;3;6;0;2;0;5;1;1983;1897;1914;1999;x
Coghlan;1100946;USA;1897;1990;1990;1990;3;6;0;1;0;5;1;1984;1897;1909;1999;x
Cogswell;1100947;USA;1897;1990;1990;1990;3;6;0;2;0;5;1;1985;1897;1909;1999;x
Colvocoresses;1100948;USA;1900;1990;1990;1990;3;5;0;1;0;5;1;unknownleader;1900;1912;1999;x
Cone;1100949;USA;1916;1990;1990;1990;3;6;0;1;0;5;1;1986;1916;1930;1999;x
Cowie;1100950;USA;1907;1990;1990;1990;3;7;0;2;0;5;1;1987;1907;1928;1999;x
Cowles;1100951;USA;1907;1914;1915;1990;1;7;2048;3;0;5;1;1988;1907;1918;1999;x
Cowles W.S.;1100952;USA;1897;1990;1990;1990;3;6;0;2;0;5;1;6132;1897;1911;1999;x
Crowninshield;1100953;USA;1897;1990;1990;1990;3;7;0;3;0;5;1;1989;1897;1899;1999;x
Dunn;1100954;USA;1907;1990;1990;1990;3;6;0;2;0;5;1;1990;1907;1928;1999;x
Dyson;1100955;USA;1911;1990;1990;1990;3;5;0;1;0;5;1;unknownleader;1911;1931;1999;x
Emory;1100956;USA;1897;1990;1990;1990;3;7;2048;2;0;5;1;1991;1897;1914;1999;x
Erben;1100957;USA;1897;1990;1990;1990;3;7;512;2;0;5;1;1992;1897;1901;1999;x
Farenholt;1100958;USA;1897;1990;1990;1990;3;7;0;2;0;5;1;1993;1897;1914;1999;x
Ford;1100959;USA;1897;1990;1990;1990;3;6;0;2;0;5;1;1994;1897;1908;1999;x
Fullam;1100960;USA;1909;1990;1990;1990;3;6;0;2;0;5;1;1995;1909;1925;1999;x
Gibbons;1100961;USA;1911;1990;1990;1990;3;5;0;1;0;5;1;1996;1911;1924;1999;x
Goodrich;1100962;USA;1902;1990;1990;1990;3;7;0;3;0;5;1;1997;1902;1926;1999;x
Griffin;1100963;USA;1915;1990;1990;1990;3;6;0;2;0;5;1;1998;1915;1925;1999;x
Hemphill;1100964;USA;1897;1990;1990;1990;3;5;0;1;0;5;1;1999;1897;1911;1999;x
Hobson;1100965;USA;1905;1990;1990;1990;3;7;8192;3;0;5;1;2000;1905;1925;1999;x
Hough;1100966;USA;1917;1990;1990;1990;2;7;0;2;0;5;1;2001;1917;1940;1999;x
Howell;1100967;USA;1897;1898;1990;1990;2;7;2048;3;0;5;1;2002;1897;1909;1999;x
Hubbard;1100968;USA;1910;1990;1990;1990;3;7;2048;2;0;5;1;2003;1910;1925;1999;x
Ingersoll;1100969;USA;1900;1990;1990;1990;3;6;0;2;0;5;1;2004;1900;1919;1999;x
Jayne;1100970;USA;1904;1990;1990;1990;3;7;2048;2;0;5;1;2005;1904;1925;1999;x
Jewell;1100971;USA;1897;1990;1990;1990;3;6;0;2;0;5;1;2006;1897;1911;1999;x
Jouett;1100972;USA;1897;1990;1990;1990;3;6;8192;3;0;5;1;2007;1897;1903;1999;x
Kimball;1100973;USA;1900;1990;1990;1990;3;6;0;3;0;5;1;2008;1900;1917;1999;x
Kittelle;1100974;USA;1911;1917;1990;1990;3;6;0;2;0;5;1;2009;1911;1931;1999;x
Knapp;1100975;USA;1911;1990;1990;1990;3;6;0;2;0;5;1;2010;1911;1929;1999;x
Knight;1100976;USA;1904;1914;1917;1990;1;7;10240;3;0;5;1;2011;1904;1925;1999;x
Lamberton;1100977;USA;1897;1990;1990;1990;3;7;0;3;0;5;1;2012;1897;1911;1999;x
Leutze;1100978;USA;1905;1990;1990;1990;3;5;0;1;0;5;1;2013;1905;1920;1999;x
Luce;1100979;USA;1897;1990;1990;1990;3;5;512;1;0;5;1;2014;1897;1901;1999;x
Mahan;1100980;USA;1897;1990;1990;1990;3;9;4096;3;0;5;1;2015;1897;1910;1999;x
Marix;1100981;USA;1897;1990;1990;1990;3;6;0;1;0;5;1;2016;1897;1911;1999;x
Mason N.;1100982;USA;1908;1990;1990;1990;3;5;0;1;0;5;1;2017;1908;1920;1999;x
McCrea;1100983;USA;1909;1990;1990;1990;3;6;0;2;0;5;1;2018;1909;1921;1999;x
McGowan;1100984;USA;1916;1990;1990;1990;3;5;0;2;0;5;1;2019;1916;1932;1999;x
McVay;1100985;USA;1911;1916;1922;1990;1;7;8192;3;0;5;1;2020;1911;1932;1999;x
Melville;1100986;USA;1897;1990;1990;1990;3;6;512;2;0;5;1;2021;1897;1905;1999;x
Moffett;1100987;USA;1916;1925;1990;1990;2;8;0;3;0;5;1;2022;1916;1934;1999;x
Murdock;1100988;USA;1909;1990;1990;1990;3;7;8192;2;0;5;1;2023;1909;1920;1999;x
Nicholson;1100989;USA;1909;1990;1990;1990;3;7;2048;2;0;5;1;2024;1909;1924;1999;x
Nulton;1100990;USA;1916;1920;1928;1990;1;6;0;2;0;5;1;2025;1916;1932;1999;x
Oman;1100991;USA;1914;1990;1990;1990;3;5;0;2;0;5;1;unknownleader;1914;1930;1999;x
Osterhaus;1100992;USA;1905;1918;1990;1990;3;7;4096;3;0;5;1;2026;1905;1925;1999;x
Peoples;1100993;USA;1917;1990;1990;1990;3;5;0;1;0;5;1;2027;1917;1930;1999;x
Philip;1100994;USA;1897;1990;1990;1990;3;6;8192;2;0;5;1;2028;1897;1901;1999;x
Phythian;1100995;USA;1897;1900;1990;1990;2;6;0;2;0;5;1;2029;1897;1911;1999;x
Pillsbury;1100996;USA;1897;1990;1990;1990;3;7;0;3;0;5;1;2030;1897;1914;1999;x
Plunkett;1100997;USA;1912;1990;1990;1990;3;6;4096;2;0;5;1;2031;1912;1932;1999;x
Potter;1100998;USA;1906;1990;1990;1990;3;6;0;3;0;5;1;2032;1906;1920;1999;x
Ramsay;1100999;USA;1897;1990;1990;1990;3;6;0;3;0;5;1;2033;1897;1905;1999;x
Remey;1101000;USA;1897;1990;1990;1990;3;6;0;2;0;5;1;2034;1897;1910;1999;x
Reynolds;1101001;USA;1917;1990;1990;1990;3;7;0;2;0;5;1;2035;1917;1932;1999;x
Robison;1101002;USA;1914;1917;1923;1990;1;7;0;3;0;5;1;2036;1914;1932;1999;x
Wheaton L.;1101003;USA;1897;1898;1990;1990;3;5;4;2;0;5;0;2037;1897;1904;1999;x
Scales;1101004;USA;1917;1990;1990;1990;3;5;0;1;0;5;1;2038;1917;1932;1999;x
Schroeder;1101005;USA;1902;1990;1990;1990;3;7;2048;3;0;5;1;2039;1902;1920;1999;x
Selfridge;1101006;USA;1897;1990;1990;1990;3;6;0;3;0;5;1;2040;1897;1909;1999;x
Shoemaker;1101007;USA;1897;1990;1990;1990;3;5;0;1;0;5;1;2041;1897;1913;1999;x
Sicard;1101008;USA;1897;1897;1990;1990;2;6;66048;2;0;5;1;2042;1897;1899;1999;x
Southerland;1101009;USA;1904;1990;1990;1990;3;6;2048;2;0;5;1;2043;1904;1920;1999;x
Sperry;1101010;USA;1897;1990;1990;1990;3;7;0;3;0;5;1;2044;1897;1911;1999;x
Standley;1101011;USA;1919;1930;1990;1990;3;7;0;3;0;5;1;2045;1919;1937;1999;x
Stirling;1101012;USA;1897;1990;1990;1990;3;5;0;1;0;5;1;2046;1897;1910;1999;x
Stockton;1101013;USA;1897;1900;1990;1990;2;6;0;2;0;5;1;2047;1897;1914;1999;x
Swinburne;1101014;USA;1897;1990;1990;1990;3;5;0;1;0;5;1;2048;1897;1911;1999;x
Taussig;1101015;USA;1897;1990;1990;1990;3;6;0;2;0;5;1;2049;1897;1914;1999;x
Taylor H.;1101016;USA;1897;1990;1990;1990;3;5;0;1;0;5;1;2050;1897;1905;1999;x
Taylor M.;1101017;USA;1917;1990;1990;1990;3;6;2048;2;0;5;1;2051;1917;1932;1999;x
Tilley;1101018;USA;1897;1990;1990;1990;3;7;0;2;0;5;1;2052;1897;1908;1999;x
Vogelgesang;1101019;USA;1917;1990;1990;1990;3;7;0;1;0;5;1;2053;1917;1932;1999;x
Farquhar;1101020;USA;1897;1902;1990;1990;2;8;4096;3;0;5;1;2054;1897;1908;1999;x
Vreeland;1101021;USA;1900;1990;1990;1990;3;7;4096;2;0;5;1;2055;1900;1917;1999;x
Wadleigh;1101022;USA;1897;1990;1990;1990;3;6;0;2;0;5;1;2056;1897;1912;1999;x
Washington;1101023;USA;1914;1990;1990;1990;3;6;0;1;0;5;1;2057;1914;1932;1999;x
Welles;1101024;USA;1916;1990;1990;1990;3;6;0;3;0;5;1;2058;1916;1932;1999;x
Wiley;1101025;USA;1914;1919;1925;1990;1;7;0;2;0;5;1;2059;1914;1930;1999;x
Yarnell;1101026;USA;1918;1990;1990;1990;3;6;1024;2;0;5;1;2060;1918;1932;1999;x
Zeigemeier;1101027;USA;1917;1990;1990;1990;3;5;1024;1;0;5;1;2061;1917;1932;1999;x
Acosta;1101028;USA;1917;1990;1990;1990;3;5;0;0;0;5;2;2062;1917;1932;1999;x
Beaver;1101029;USA;1915;1990;1990;1990;3;6;0;0;0;5;2;2063;1915;1932;1999;x
Chambers;1101030;USA;1915;1990;1990;1990;3;5;0;0;0;5;2;2064;1915;1932;1999;x
Chandler;1101031;USA;1905;1990;1990;1990;3;7;65536;0;0;5;2;2065;1905;1930;1999;x
Coolidge;1101032;USA;1914;1990;1990;1990;3;5;0;0;0;5;2;2066;1914;1932;1999;x
Dargue;1101033;USA;1914;1990;1990;1990;3;5;0;0;0;5;2;2067;1914;1932;1999;x
Dodd;1101034;USA;1908;1990;1990;1990;3;7;0;0;0;5;2;2068;1908;1932;1999;x
Humphreys;1101035;USA;1909;1990;1990;1990;3;6;0;0;0;5;2;2070;1909;1932;1999;x
Lackland;1101036;USA;1911;1925;1990;1990;2;5;0;0;0;5;2;2071;1911;1932;1999;x
Landis;1101037;USA;1917;1990;1990;1990;3;5;0;0;0;5;2;2072;1917;1932;1999;x
Lanphier;1101038;USA;1915;1990;1990;1990;3;6;0;0;0;5;2;2073;1915;1932;1999;x
Lord;1101039;USA;1917;1990;1990;1990;3;6;0;0;0;5;2;2074;1917;1932;1999;x
Lufbery;1101040;USA;1914;1990;1990;1990;3;6;4096;0;0;5;2;2075;1914;1925;1999;x
Luke;1101041;USA;1916;1990;1990;1990;3;7;24576;1;0;5;2;2076;1916;1924;1999;x
Meissner;1101042;USA;1916;1990;1990;1990;3;5;0;0;0;5;2;2077;1916;1932;1999;x
O'neill;1101043;USA;1915;1990;1990;1990;3;5;0;0;0;5;2;2078;1915;1932;1999;x
Reber;1101044;USA;1907;1990;1990;1990;3;6;0;0;0;5;2;2079;1907;1930;1999;x
Robins;1101045;USA;1915;1990;1990;1990;3;5;0;0;0;5;2;2080;1915;1932;1999;x
Springs;1101046;USA;1918;1990;1990;1990;3;5;0;0;0;5;2;2081;1918;1932;1999;x
Wehner;1101047;USA;1915;1990;1990;1990;3;5;0;0;0;5;2;2083;1915;1925;1999;x
Grant;1101048;USA;1897;1900;1900;1990;3;5;0;1;0;5;0;2085;1897;1905;1999;x
Breckinridge;1101049;USA;1897;1898;1990;1990;3;6;514;2;0;5;0;2086;1897;1902;1999;x
Butler S.;1101050;USA;1917;1990;1990;1990;3;6;260;2;0;5;0;2087;1917;1932;1999;x
Compton;1101051;USA;1897;1990;1990;1990;3;5;4;1;0;5;0;2088;1897;1900;1999;x
Pendleton;1101052;USA;1917;1920;1990;1990;3;7;258;2;0;5;0;2089;1912;1932;1999;x
Reid;1101053;USA;1917;1990;1990;1990;3;6;0;2;0;5;0;2090;1917;1930;1999;x
Barnum;1101054;USA;1917;1990;1990;1990;3;5;0;2;0;5;0;2091;1917;1932;1999;x
Dickson;1101055;USA;1917;1990;1990;1990;3;5;0;1;0;5;0;2092;1917;1930;1999;x
Fountain;1101056;USA;1897;1990;1990;1990;3;5;0;2;0;5;0;2093;1897;1914;1999;x
Fox;1101057;USA;1897;1990;1990;1990;3;5;0;1;0;5;0;2094;1897;1911;1999;x
Hatch;1101058;USA;1897;1990;1990;1990;3;6;0;2;0;5;0;2095;1897;1905;1999;x
Huffman;1101059;USA;1917;1990;1990;1990;3;5;0;1;0;5;0;2096;1917;1930;1999;x
Hulen;1101060;USA;1917;1925;1990;1990;3;6;0;1;0;5;0;2097;1917;1932;1999;x
Jamerson;1101061;USA;1914;1990;1990;1990;3;6;0;2;0;5;0;2098;1914;1930;1999;x
Kelsey;1101062;USA;1897;1990;1990;1990;3;5;0;1;0;5;0;2099;1897;1908;1999;x
McLean;1101063;USA;1919;1990;1990;1990;3;5;0;1;0;5;0;2100;1919;1932;1999;x
Mizner;1101064;USA;1897;1990;1990;1990;3;6;2;1;0;5;0;2101;1897;1905;1999;x
Ordendorff;1101065;USA;1897;1990;1990;1990;3;5;0;1;0;5;0;2102;1897;1902;1999;x
Penrose;1101066;USA;1897;1990;1990;1990;3;6;0;2;0;5;0;2103;1897;1900;1999;x
Rhan;1101067;USA;1918;1990;1990;1990;3;5;0;1;0;5;0;2104;1918;1930;1999;x
Shipton;1101068;USA;1914;1990;1990;1990;3;6;0;2;0;5;0;2105;1914;1930;1999;x
Endicott;1101069;USA;1897;1990;1990;1990;3;7;0;3;0;5;1;2106;1897;1908;1999;x
Greer;1101070;USA;1897;1897;1990;1990;2;5;512;1;0;5;1;2107;1897;1898;1999;x
Hamlet;1101071;USA;1918;1928;1990;1990;3;6;0;3;0;5;1;2108;1918;1932;1999;x
Hichbone;1101072;USA;1897;1990;1990;1990;3;6;0;2;0;5;1;2109;1897;1909;1999;x
Howison;1101073;USA;1897;1897;1990;1990;2;6;0;3;0;5;1;2110;1897;1900;1999;x
Lees;1101074;USA;1897;1990;1990;1990;3;5;0;2;0;5;1;2111;1897;1911;1999;x
Sands;1101075;USA;1897;1990;1990;1990;3;6;0;2;0;5;1;unknownleader;1897;1907;1999;x
Stitt;1101076;USA;1917;1990;1990;1990;3;5;0;1;0;5;1;2112;1917;1930;1999;x
Vaher;1101077;USA;1902;1990;1990;1990;3;5;0;1;0;5;1;2113;1902;1911;1999;x
Walker A.;1101078;USA;1897;1900;1990;1990;2;6;0;3;0;5;1;2114;1897;1911;1999;x
Woodword;1101079;USA;1918;1990;1990;1990;3;6;0;2;0;5;1;2115;1918;1932;1999;x
Belknap R.;1101080;USA;1916;1990;1990;1990;3;6;0;2;0;5;1;2116;1916;1932;1999;x
De Steiguer;1101081;USA;1917;1925;1990;1990;2;7;0;3;0;5;1;2117;1917;1932;1999;x
Earle;1101082;USA;1916;1990;1990;1990;3;6;0;2;0;5;1;6133;1916;1932;1999;x
Harrington;1101083;USA;1897;1990;1990;1990;3;5;0;2;0;5;1;2118;1897;1914;1999;x
McNamee;1101084;USA;1920;1990;1990;1990;3;5;0;1;0;5;1;2119;1920;1932;1999;x
Murfin;1101085;USA;1918;1990;1990;1990;3;6;0;2;0;5;1;2120;1918;1932;1999;x
Pringle;1101086;USA;1918;1932;1932;1990;1;5;0;2;0;5;1;2121;1918;1932;1999;x
Tarrant;1101087;USA;1919;1990;1990;1990;3;5;0;1;0;5;1;2122;1919;1932;1999;x
Winterhalter;1101088;USA;1905;1911;1915;1990;1;7;0;2;0;5;1;2123;1905;1920;1999;x
Spencer;1101089;USA;1897;1990;1990;1990;3;5;0;1;0;5;0;2124;1897;1905;1999;x
Dunlap;1101090;USA;1919;1990;1990;1990;3;6;256;2;0;5;0;2125;1919;1932;1999;x
Hickam;1101091;USA;1915;1990;1990;1990;3;5;0;0;0;5;2;2126;1915;1932;1999;x
Usher;1101092;USA;1907;1918;1990;1990;3;6;0;2;0;5;1;2127;1907;1925;1999;x
Whittlesey;1101093;USA;1930;1990;1990;1990;3;6;2;1;0;5;0;2128;1917;1925;1999;x
Welborn;1101094;USA;1912;1990;1990;1990;3;6;128;1;0;5;0;2129;1912;1925;1999;x
Barnett;1101095;USA;1906;1914;1920;1932;2;7;256;3;0;5;0;6134;1906;1928;1999;x
Hall;1101096;USA;1916;1932;1932;1932;3;6;0;2;0;5;0;unknownleader;1916;1932;1999;x
Swift;1101097;USA;1909;1917;1932;1932;2;6;0;3;0;5;0;6135;1909;1930;1999;x
McCain;1101098;USA;1907;1917;1932;1932;2;6;0;2;0;5;0;6136;1907;1930;1999;x
Clark;1101099;USA;1916;1932;1932;1932;3;6;0;1;0;5;0;unknownleader;1916;1932;1999;x
Burkhardt;1101100;USA;1918;1932;1932;1932;3;6;0;2;0;5;0;unknownleader;1918;1932;1999;x
Baker;1101101;USA;1918;1932;1932;1932;3;6;0;1;0;5;0;unknownleader;1918;1932;1999;x
Lindsay;1101102;USA;1916;1932;1932;1932;3;6;0;1;0;5;0;unknownleader;1916;1932;1999;x
Cabell;1101103;USA;1910;1918;1924;1932;2;6;4;2;0;5;0;6137;1910;1925;1999;x
Harrison;1101104;USA;1916;1932;1932;1932;3;5;0;1;0;5;0;6138;1916;1930;1999;x
Drum;1101105;USA;1918;1925;1990;1990;1;7;0;3;0;5;0;6139;1918;1943;1999;x
Kenly;1101106;USA;1911;1918;1932;1932;2;6;0;0;0;5;2;6140;1911;1930;1999;x
Mitchell;1101107;USA;1906;1914;1919;1924;1;9;135168;1;0;5;2;6141;1906;1932;1999;x
Patrick;1101108;USA;1911;1918;1932;1932;2;5;0;1;0;5;2;6142;1911;1932;1999;x
Whitehead;1101109;USA;1918;1932;1932;1932;3;5;0;0;0;5;2;6143;1918;1932;1999;x
Royce;1101110;USA;1916;1932;1932;1932;3;5;0;0;0;5;2;6144;1916;1932;1999;x
White;1101111;USA;1917;1932;1932;1932;3;5;0;0;0;5;2;6145;1917;1920;1999;x
Ward;1101112;USA;1902;1918;1932;1932;3;7;2048;3;0;5;1;6146;1902;1919;1999;x
Twining;1101113;USA;1909;1920;1932;1932;3;7;0;3;0;5;1;6147;1909;1925;1999;x
Rodgers;1101114;USA;1907;1917;1924;1932;2;7;0;2;0;5;1;6148;1907;1930;1999;x
Christy;1101115;USA;1917;1925;1930;1932;2;7;0;2;0;5;1;6149;1917;1932;1999;x
Forsyth;1101116;USA;1911;1932;1932;1932;2;7;0;2;0;5;1;6150;1911;1925;1999;x
Booth;1101117;USA;1912;1918;1932;1932;3;6;0;2;0;5;0;6151;1912;1928;1999;x
Jackson;1101118;USA;1906;1911;1918;1932;1;7;2048;2;0;5;1;6152;1906;1930;1999;x
Anderson T.;1101119;USA;1897;1898;1932;1932;3;7;4;3;0;5;0;6153;1897;1905;1999;x
Wheeler;1101120;USA;1897;1897;1932;1932;3;6;512;3;0;5;0;6154;1897;1904;1999;x
Chaffee;1101121;USA;1897;1898;1904;1932;1;7;68;4;0;5;0;6155;1897;1911;1999;x
Young;1101122;USA;1897;1899;1903;1932;1;6;0;2;0;5;0;6156;1897;1911;1999;x
Wainwright;1101123;USA;1897;1909;1932;1932;2;7;0;3;0;5;1;6157;1897;1914;1999;x
Clark;1101124;USA;1897;1903;1932;1932;3;6;0;2;0;5;1;6158;1897;1911;1999;x
Evans;1101125;USA;1897;1900;1932;1932;2;8;4096;4;0;5;1;6159;1897;1909;1999;x
Schley;1101126;USA;1897;1902;1932;1932;2;7;0;3;0;5;1;6160;1897;1908;1999;x
Bixby;1101127;USA;1902;1990;1990;1990;3;7;32;3;0;5;0;6161;1902;1925;1999;x
Black;1101128;USA;1905;1916;1990;1990;2;6;32;2;0;5;0;6162;1905;1930;1999;x
Brush;1101129;USA;1897;1990;1990;1990;3;5;0;1;0;5;0;unknownleader;1897;1914;1999;x
Bradley;1101130;USA;1904;1990;1990;1990;3;6;0;3;0;5;0;6163;1904;1922;1999;x
Brett;1101131;USA;1900;1990;1990;1990;3;6;4;2;0;5;0;6164;1900;1922;1999;x
Burt;1101132;USA;1897;1990;1990;1990;3;6;2;1;0;5;0;6165;1897;1911;1999;x
Butler;1101133;USA;1897;1990;1990;1990;3;5;512;2;0;5;0;6166;1897;1906;1999;x
Cocheu;1101134;USA;1918;1930;1990;1990;2;5;0;1;0;5;0;unknownleader;1918;1940;1999;x
Cox;1101135;USA;1916;1990;1990;1990;3;5;0;1;0;5;0;6167;1916;1940;1999;x
Drum R.;1101136;USA;1897;1990;1990;1990;2;6;512;2;0;5;0;6169;1897;1900;1999;x
Evans;1101137;USA;1900;1990;1990;1990;3;6;0;2;0;5;0;6170;1900;1922;1999;x
Ferguson;1101138;USA;1914;1990;1990;1990;3;5;0;1;0;5;0;6171;1914;1940;1999;x
Freeman;1101139;USA;1897;1990;1990;1990;3;5;0;1;0;5;0;unknownleader;1897;1908;1999;x
Fuller;1101140;USA;1914;1920;1990;1990;3;7;256;3;0;5;0;6172;1914;1938;1999;x
Gerhardt;1101141;USA;1914;1990;1990;1990;3;5;0;1;0;5;0;unknownleader;1914;1940;1999;x
Grierson;1101142;USA;1897;1897;1990;1990;2;7;514;2;0;5;0;6173;1897;1900;1999;x
Hart;1101143;USA;1914;1922;1990;1990;2;5;1;2;0;5;0;6174;1914;1927;1999;x
Hero;1101144;USA;1914;1925;1990;1990;2;5;0;1;0;5;0;unknownleader;1914;1940;1999;x
Jackson;1101145;USA;1917;1990;1990;1990;3;7;4;1;0;5;0;6175;1917;1932;1999;x
Kenly;1101146;USA;1911;1918;1990;1990;2;6;0;1;0;5;0;6140;1911;1930;1999;x
King;1101147;USA;1897;1990;1990;1990;3;6;4;2;0;5;0;6176;1897;1914;1999;x
Kirby;1101148;USA;1897;1990;1990;1990;3;5;516;2;0;5;0;6177;1897;1911;1999;x
Little;1101149;USA;1917;1932;1990;1990;2;5;0;3;0;5;0;6178;1917;1940;1999;x
Lord;1101150;USA;1911;1921;1990;1990;2;5;1;1;0;5;0;6179;1911;1931;1999;x
Lucas;1101151;USA;1911;1990;1990;1990;3;5;0;1;0;5;0;6180;1911;1930;1999;x
Marshall;1101152;USA;1900;1990;1990;1990;3;5;32;1;0;5;0;6181;1900;1917;1999;x
Matthews;1101153;USA;1917;1925;1990;1990;2;5;0;1;0;5;0;unknownleader;1917;1940;1999;x
Mills;1101154;USA;1907;1918;1990;1990;3;6;0;2;0;5;0;6182;1907;1930;1999;x
Palmer;1101155;USA;1915;1990;1990;1990;3;5;0;1;0;5;0;6183;1915;1940;1999;x
Patrick;1101156;USA;1911;1922;1990;1990;2;6;32;2;0;5;0;6142;1911;1940;1999;x
Powell;1101157;USA;1915;1990;1990;1990;3;6;0;3;0;5;0;6184;1915;1932;1999;x
Pratt;1101158;USA;1897;1990;1990;1990;3;6;0;2;0;5;0;6185;1897;1908;1999;x
Ridgway;1101159;USA;1915;1990;1990;1990;3;5;0;1;0;5;0;6186;1915;1926;1999;x
Robert;1101160;USA;1897;1990;1990;1990;3;6;32;2;0;5;0;6187;1897;1906;1999;x
Roberts;1101161;USA;1919;1990;1990;1990;3;5;0;1;0;5;0;6188;1918;1940;1999;x
Rose;1101162;USA;1897;1990;1990;1990;3;5;576;1;0;5;0;6189;1897;1908;1999;x
Sanger;1101163;USA;1897;1904;1990;1990;2;5;0;1;0;5;0;6190;1897;1912;1999;x
Stanley;1101164;USA;1897;1897;1990;1990;2;6;512;2;0;5;0;6191;1897;1903;1999;x
Snow;1101165;USA;1917;1990;1990;1990;3;5;0;1;0;5;0;unknownleader;1917;1928;1999;x
Sunderland;1101166;USA;1916;1924;1990;1990;2;6;2;2;0;5;0;6192;1916;1940;1999;x
Taylor;1101167;USA;1911;1924;1990;1990;2;5;32;1;0;5;0;6193;1911;1931;1999;x
Thompson;1101168;USA;1911;1990;1990;1990;2;6;32;2;0;5;0;6194;1911;1932;1999;x
Vroom;1101169;USA;1897;1990;1990;1990;3;5;0;2;0;5;0;7954;1897;1912;1999;x
Weaver;1101170;USA;1906;1918;1990;1990;2;7;32;3;0;5;0;6195;1906;1921;1999;x
Wells;1101171;USA;1920;1932;1990;1990;3;5;0;1;0;5;0;6196;1920;1940;1999;x
Wint;1101172;USA;1897;1990;1990;1990;3;5;0;1;0;5;0;6197;1897;1908;1999;x
Anderson;1101173;USA;1908;1990;1990;1990;3;7;2048;2;0;5;1;6198;1908;1930;1999;x
Barker;1101174;USA;1897;1990;1990;1990;3;6;4096;2;0;5;1;6199;1897;1911;1999;x
Belknap;1101175;USA;1897;1897;1990;1990;2;5;512;2;0;5;1;6200;1897;1904;1999;x
Blue;1101176;USA;1912;1990;1990;1990;3;8;8192;3;0;5;1;6201;1912;1925;1999;x
Bullard;1101177;USA;1911;1990;1990;1990;3;6;0;1;0;5;1;6202;1911;1928;1999;x
Casey;1101178;USA;1897;1990;1990;1990;2;7;8192;3;0;5;1;6203;1897;1908;1999;x
Gherardi;1101179;USA;1897;1897;1990;1990;3;6;512;3;0;5;1;6204;1897;1904;1999;x
Glass;1101180;USA;1897;1904;1990;1990;2;7;4096;2;0;5;1;6205;1897;1909;1999;x
Harmony;1101181;USA;1897;1897;1990;1990;2;5;4608;2;0;5;1;6206;1897;1903;1999;x
Howard;1101182;USA;1905;1911;1915;1990;1;8;0;3;0;5;1;6207;1905;1921;1999;x
Irwin;1101183;USA;1917;1990;1990;1990;3;6;0;1;0;5;1;6208;1917;1938;1999;x
Jones;1101184;USA;1914;1920;1922;1990;1;7;0;2;0;5;1;6209;1914;1936;1999;x
Land;1101185;USA;1918;1930;1990;1990;2;7;1024;2;0;5;1;6210;1918;1937;1999;x
Long;1101186;USA;1917;1990;1990;1990;3;6;0;2;0;5;1;6211;1917;1932;1999;x
Mason;1101187;USA;1897;1990;1990;1990;3;6;512;1;0;5;1;6212;1897;1900;1999;x
McNair;1101188;USA;1897;1990;1990;1990;3;6;0;2;0;5;1;6213;1897;1901;1999;x
Oliver;1101189;USA;1911;1990;1990;1990;3;5;0;1;0;5;1;unknownleader;1911;1925;1999;x
Palmer;1101190;USA;1911;1990;1990;1990;3;7;0;2;0;5;1;6214;1911;1925;1999;x
Parks;1101191;USA;1917;1990;1990;1990;3;6;0;1;0;5;1;6215;1917;1930;1999;x
Reeves;1101192;USA;1916;1925;1932;1990;1;7;0;3;0;5;1;6216;1916;1990;1999;x
Ross;1101193;USA;1905;1990;1990;1990;3;5;0;1;0;5;1;6217;1905;1916;1999;x
Schofield;1101194;USA;1917;1990;1990;1990;2;6;0;2;0;5;1;6218;1917;1932;1999;x
Sebree;1101195;USA;1897;1990;1990;1990;3;6;0;2;0;5;1;6219;1897;1915;1999;x
Taylor;1101196;USA;1911;1990;1990;1990;3;7;0;3;0;5;1;6220;1911;1932;1999;x
Thomas;1101197;USA;1897;1990;1990;1990;3;6;0;2;0;5;1;6221;1897;1916;1999;x
Upham;1101198;USA;1914;1990;1990;1990;3;6;0;2;0;5;1;6222;1914;1932;1999;x
Walker;1101199;USA;1897;1897;1990;1990;2;7;2560;3;0;5;1;6223;1897;1908;1999;x
Watson;1101200;USA;1897;1897;1990;1990;2;7;0;2;0;5;1;6224;1897;1910;1999;x
Wood;1101201;USA;1911;1990;1990;1990;3;5;0;1;0;5;1;6225;1911;1922;1999;x
Young;1101202;USA;1897;1990;1990;1990;3;6;0;2;0;5;1;6226;1897;1912;1999;x
Allen;1101203;USA;1902;1917;1990;1990;2;7;0;0;0;5;2;6227;1902;1925;1999;x
Bennet;1101204;USA;1911;1990;1990;1990;3;5;0;0;0;5;2;6229;1911;1932;1999;x
Brooks;1101205;USA;1916;1990;1990;1990;3;5;0;0;0;5;2;6231;1916;1932;1999;x
Campbell;1101206;USA;1917;1990;1990;1990;3;5;0;0;0;5;2;6232;1917;1932;1999;x
Cook;1101207;USA;1914;1990;1990;1990;3;6;0;0;0;5;2;6233;1914;1932;1999;x
Eaker;1101208;USA;1917;1922;1930;1990;1;8;0;0;0;5;2;6234;1917;1932;1999;x
Greely;1101209;USA;1897;1904;1990;1990;2;6;512;0;0;5;2;6235;1897;1914;1999;x
Johnson;1101210;USA;1917;1990;1990;1990;3;5;0;0;0;5;2;6236;1917;1932;1999;x
Lambert;1101211;USA;1915;1990;1990;1990;3;6;0;0;0;5;2;6237;1915;1932;1999;x
Menoher;1101212;USA;1907;1917;1925;1990;2;8;0;1;0;5;2;6238;1907;1931;1999;x
Moffett;1101213;USA;1916;1920;1990;1990;2;8;4096;1;0;5;2;6239;1916;1934;1999;x
Pratt;1101214;USA;1914;1990;1990;1990;3;7;0;0;0;5;2;6240;1914;1932;1999;x
Russel;1101215;USA;1910;1990;1990;1990;3;5;0;0;0;5;2;6241;1910;1930;1999;x
Scriven;1101216;USA;1905;1914;1990;1990;2;6;0;0;0;5;2;6242;1905;1930;1999;x
Squier;1101217;USA;1908;1917;1990;1990;2;7;0;1;0;5;2;6244;1908;1930;1999;x
Winslow;1101218;USA;1914;1990;1990;1990;3;5;0;0;0;5;2;6246;1914;1932;1999;x
Carlin;1101219;USA;1897;1990;1990;1990;3;6;512;2;0;5;0;6247;1897;1899;1999;x
Donnelly;1101220;USA;1897;1990;1990;1990;3;5;0;2;0;5;0;6248;1897;1905;1999;x
Dickson;1101221;USA;1917;1990;1990;1990;3;5;0;1;0;5;0;6249;1917;1930;1999;x
Du barry;1101222;USA;1897;1990;1990;1990;3;6;513;2;0;5;0;6250;1897;1899;1999;x
Gibbon;1101223;USA;1897;1897;1990;1990;2;6;512;3;0;5;0;6251;1897;1899;1999;x
Gorgas;1101224;USA;1905;1914;1990;1990;2;5;1;2;0;5;0;6252;1905;1920;1999;x
Gregg;1101225;USA;1897;1990;1990;1990;3;6;512;2;0;5;0;6253;1897;1899;1999;x
Hughes;1101226;USA;1897;1990;1990;1990;3;5;0;1;0;5;0;6254;1897;1914;1999;x
Penn;1101227;USA;1912;1920;1990;1990;3;6;0;2;0;5;0;6255;1912;1928;1999;x
Reece;1101228;USA;1897;1990;1990;1990;3;5;512;1;0;5;0;6256;1897;1907;1999;x
Scott;1101229;USA;1911;1990;1990;1990;3;5;0;1;0;5;0;6257;1911;1920;1999;x
Smith;1101230;USA;1897;1990;1990;1990;3;5;512;1;0;5;0;6258;1897;1909;1999;x
Cole;1101231;USA;1919;1990;1990;1990;3;5;0;1;0;5;1;6259;1919;1932;1999;x
Davis;1101232;USA;1897;1905;1990;1990;3;6;8192;3;0;5;1;6260;1897;1914;1999;x
Shepard;1101233;USA;1897;1990;1990;1990;3;5;512;1;0;5;1;6261;1897;1900;1999;x
Snow;1101234;USA;1897;1990;1990;1990;3;5;0;1;0;5;1;6262;1897;1914;1999;x
Stanton;1101235;USA;1897;1900;1990;1990;3;5;512;2;0;5;1;6263;1897;1900;1999;x
Chase;1101236;USA;1917;1920;1990;1990;2;6;0;2;0;5;1;6264;1917;1932;1999;x
Kimberly;1101237;USA;1897;1990;1990;1990;2;5;512;2;0;5;1;6265;1897;1899;1999;x
Williams;1101238;USA;1917;1990;1990;1990;3;6;0;1;0;5;1;6266;1917;1932;1999;x
Beck;1101239;USA;1908;1990;1990;1990;3;5;0;0;0;5;2;6267;1908;1922;1999;x
Taylor;1101240;USA;1911;1917;1990;1990;2;5;0;1;0;5;2;6220;1911;1932;1999;x
Andrews;1101241;USA;1918;1990;1990;1990;3;6;0;0;0;5;2;6269;1918;1932;1932;x
Price;1101242;USA;1917;1990;1990;1990;3;5;0;1;0;5;0;6271;1917;1930;1999;x
Biddle J.;1101243;USA;1910;1920;1990;1990;3;6;2;1;0;5;0;6272;1910;1932;1999;x
Breck;1101244;USA;1897;1897;1903;1990;2;7;512;3;0;5;0;6273;1897;1904;1999;x
Cole C.;1101245;USA;1912;1990;1990;1990;3;6;4;1;0;5;0;6274;1912;1930;1999;x
Devol;1101246;USA;1900;1920;1990;1990;3;5;0;1;0;5;0;6275;1900;1925;1999;x
Langfitt;1101247;USA;1910;1917;1990;1990;2;6;16;2;0;5;0;6276;1910;1930;1999;x
Mccaskey;1101248;USA;1897;1912;1990;1990;3;5;4;2;0;5;0;6277;1897;1914;1999;x
O'Reilly;1101249;USA;1897;1990;1990;1990;2;5;0;1;0;5;0;6278;1897;1917;1999;x
Tillman;1101250;USA;1900;1990;1990;1990;3;6;0;1;0;5;0;6279;1900;1930;1999;x
Young R.;1101251;USA;1907;1990;1990;1990;3;6;0;2;0;5;0;6280;1907;1930;1999;x
Andrews P.;1101252;USA;1917;1990;1990;1990;3;6;0;2;0;5;1;6281;1917;1930;1999;x
Burrage;1101253;USA;1917;1990;1990;1990;3;5;0;1;0;5;1;6282;1917;1930;1999;x
Craven;1101254;USA;1917;1990;1990;1990;3;6;0;2;0;5;1;6283;1917;1990;1999;x
Gove;1101255;USA;1900;1990;1990;1990;3;6;0;1;0;5;1;6284;1900;1920;1999;x
Grayson;1101256;USA;1914;1990;1990;1990;3;5;0;1;0;5;1;6285;1914;1930;1999;x
Higginson;1101257;USA;1897;1990;1990;1990;3;6;0;3;0;5;1;6286;1897;1914;1999;x
Kirkland;1101258;USA;1897;1897;1990;1990;2;6;0;2;0;5;1;6287;1897;1908;1999;x
Hepburn;1101259;USA;1917;1990;1990;1990;1;7;0;2;0;5;1;6288;1917;1930;1999;x
Laning;1101260;USA;1918;1990;1990;1990;1;6;0;1;0;5;1;6289;1918;1940;1999;x
Picking;1101261;USA;1897;1909;1990;1990;3;5;0;1;0;5;1;6290;1897;1911;1999;x
Potts;1101262;USA;1897;1990;1990;1990;3;5;0;1;0;5;1;6291;1897;1908;1999;x
Rodgers R.;1101263;USA;1900;1990;1990;1990;3;6;0;2;0;5;1;6292;1900;1914;1999;x
Singer;1101264;USA;1897;1907;1990;1990;3;6;4096;2;0;5;1;6293;1897;1911;1999;x
Byrd;1101265;USA;1918;1990;1990;1990;3;6;0;1;0;5;2;6294;1918;1930;1999;x
Craven;1101266;USA;1916;1921;1990;1990;2;7;131072;1;0;5;2;unknownleader;1916;1932;1999;x
